date,dow,eurusd,gbpusd,gold,ust10y,total_pnl
2016-01-05,19837.96083023126,-47908.60512253525,-15606.97563954605,46042.22862989782,-7500.000000000284,-5135.391301952506
2016-01-06,-514332.1215059932,-140376.8008865902,-27184.993883376806,187778.18991097983,177500.00000000044,-316615.72636498
2016-01-07,-812370.5010673415,50223.21428571619,-29985.007496251546,217052.8436670016,60000.00000000005,-515079.4506108752
2016-01-08,-355317.5771007755,272752.574450319,-2050.580997950968,-134061.56901688338,57500.00000000033,-161177.15266529054
2016-01-11,111596.09578838326,27457.440966505153,-69734.05346277439,-17762.79832392036,-70000.00000000006,-18443.315031806385
2016-01-12,251104.21213557333,-151722.87725070844,13080.895008605876,-149110.80711354496,140000.00000000012,103351.42277992592
2016-01-13,-773079.4334296853,-25787.437833857395,-74257.4257425732,26252.763448785245,90000.00000000007,-756871.5335573305
2016-01-14,493294.39349257597,77462.19107340302,-19395.9545580491,-187586.20689655058,-80000.00000000007,283774.4231113792
2016-01-15,-835454.4372231587,-49604.99724416589,13187.118267630194,245832.9453394148,162499.99999999985,-463539.37086027965
2016-01-19,61164.317416479986,66304.44792337986,-120607.19484300319,-21988.08978469857,-5000.000000000559,-20126.519287842475
2016-01-20,-544754.5644923052,33042.68012850109,-49814.07422998796,236718.96504266156,127500.0000000004,-197306.99355113012
2016-01-21,257370.89594932372,-65976.35847154893,11987.025807360662,-108391.29256616342,-87500.00000000035,7490.27071897166
2016-01-22,464597.284589251,-27581.134503995574,19719.698570321852,-25930.30661450113,-72499.99999999978,358305.54204107635
2016-01-25,-452986.94939761574,-116000.73651261145,23195.332817880222,123040.46664236345,65000.00000000061,-357751.886449983
2016-01-26,621354.3155209667,100009.26011667577,-11921.458625526737,210178.9911408425,69999.9999999995,989621.1081529576
2016-01-27,-482268.7621812766,22113.70128075263,70209.92768377531,-74886.33324418403,-17499.999999999738,-482331.4664609324
2016-01-28,274785.0977706401,79153.24436263305,-65537.19584466156,-6719.827972404557,39999.99999999948,321681.3183162065
2016-01-29,863933.4795303422,53171.983865052396,79303.81079373827,10756.543564004462,135000.00000000012,1142165.8177531373
2016-02-01,-36389.47425954719,-202980.70768949293,-80768.69516780328,154514.5109279822,-87499.9999999998,-253124.36618886102
2016-02-02,-629052.6336267194,131165.71217439254,127755.15934297266,-7979.43080060537,254999.99999999968,-123111.19290995985
2016-02-03,396767.51968918066,45884.18830871355,-13168.838369836954,186285.81566575097,-42499.99999999976,573268.6852938085
2016-02-04,171222.26942349883,309467.13056216436,122839.89173433208,214229.38754052212,42499.99999999976,860258.6792605171
2016-02-05,-451150.6050590358,196555.76593634815,-3427.9446044149786,2591.568762958518,40000.00000000004,-215431.2149641441
2016-02-08,-384277.1692881891,-98214.28571428648,-47321.85721143867,519519.7788910011,282500.0,272206.46667708684
2016-02-09,-27668.847354939684,80753.70121130465,-52370.45203969171,10017.530678687603,15000.000000000013,25731.932495360874
2016-02-10,-217766.78210458145,178731.0098302042,20781.379883625385,-50054.22541086102,60000.00000000005,-8308.617801612847
2016-02-11,-559833.2112243093,-15943.312666073516,41476.565740354854,667950.1129990795,152500.0000000004,286150.1548490519
2016-02-12,701020.0393609756,65597.02154063985,-30290.513561889165,-105777.7065470017,-260000.00000000023,370548.8407927243
2016-02-16,487669.2141651617,-254461.9190669728,-15881.784283938716,-377693.4872084553,-75000.00000000007,-235367.97639420512
2016-02-17,556277.5948497256,-48326.47216753028,-107199.668026835,39738.388939480894,-102499.99999999981,337989.84359484137
2016-02-18,-85937.4382742517,-43060.91325020134,-15380.313199104823,185781.5209313862,150000.00000000015,191402.8562078285
2016-02-19,-45718.658440065396,-21576.912703409333,35709.28441394727,52605.82334230657,27499.999999999745,48519.536612778866
2016-02-22,488253.7141616095,23400.234002339814,-46745.27314588617,-254795.18855656858,-45000.00000000004,165113.48646149455
2016-02-23,-397745.9378869458,-172599.78425027133,-82714.14552081913,158743.2823480761,52499.99999999977,-441816.5853099604
2016-02-24,113338.29931998273,-1813.5654697126747,-95419.84732824526,201259.91982328563,7500.000000000284,224864.8063453107
2016-02-25,450743.3732140542,-23578.489162965343,-59230.7143366877,-6054.734802616313,112499.99999999983,474379.4349117847
2016-02-26,-120151.23412242146,19974.5778100624,25843.50323043827,-222904.21579712615,-162499.99999999985,-459737.36887904676
2016-02-29,-259702.99225299477,-183219.9546485258,-74466.56164972087,173389.080177081,55000.00000000005,-289000.42837416043
2016-03-01,738673.447764363,-64079.091907727205,47612.17717500932,-43763.676148798615,-235000.00000000023,443442.8568828462
2016-03-02,71058.06791310343,-23877.307374415846,25847.2142446875,131675.20117044696,-35000.00000000003,169703.175953822
2016-03-03,92329.15880639458,-12872.379551305268,83786.88054998529,197002.65893159652,45000.00000000004,405246.3187366712
2016-03-04,129866.79571999393,147207.65479804942,66756.62239897795,149117.22602194975,-132499.99999999985,360448.29893897125
2016-03-07,138256.7060059059,82199.28760617279,28218.694885362438,-79140.0897708483,-47499.99999999977,122034.59872659307
2016-03-08,-225182.22204001347,40021.83008914084,32360.182905382117,-13062.064597847977,174999.9999999996,9137.726356661122
2016-03-09,74810.92424590829,-21786.492374724632,-36463.08113035457,-65367.24506774394,-149999.9999999996,-198805.89432691445
2016-03-10,-10767.419042891357,-27262.813522357377,-1407.5585896256016,183829.3808690128,-92500.00000000036,51891.589714138085
2016-03-11,449322.8354240275,343980.3439803413,57014.14795523441,-156839.6226415092,-120000.0000000001,573477.704718094
2016-03-14,32166.96846800482,-17892.28842368651,64389.69764837488,-170413.91912290483,35000.00000000003,-56749.54143021161
2016-03-15,45504.32900558454,-118194.84240687572,-68150.20862308785,-168756.0270009647,10000.00000000001,-299596.7490253437
2016-03-16,150598.23679406947,12610.340479191073,-88222.93796386993,-13410.273081926327,52500.00000000033,114075.3662274646
2016-03-17,314592.2603106655,198037.62714915685,69935.00988979884,429512.73082241893,87499.9999999998,1099577.62817204
2016-03-18,241875.83552659707,176486.31785364356,156436.33812697287,-126927.63938315588,80000.00000000007,527870.8521240578
2016-03-21,42889.28151434446,-68916.76974730476,-6907.031357921145,-119636.30563088246,-130000.00000000012,-282570.82522176404
2016-03-22,-82019.44294868146,-76247.89431687207,-67735.69256289802,53063.193439462084,-30000.000000000025,-202939.83638898953
2016-03-23,-159208.8073586506,-23139.907440368203,-100904.66249130125,-294423.9705175444,150000.00000000015,-427677.3478078643
2016-03-24,26276.111135550284,-74846.29778134133,-75922.67135325237,-28193.184604068945,-62499.999999999774,-215186.04260311215
2016-03-28,39284.68867697377,-37563.72417494047,9917.121201388212,-18421.48354347484,74999.9999999995,68216.60215994618
2016-03-29,195045.56214603785,77060.93189963959,93411.64814945735,193048.61054184387,140000.00000000012,698566.7527369788
2016-03-30,165838.58434501386,158886.01267517454,86237.11701605696,-105616.70443509085,-40000.00000000004,265345.0096011544
2016-03-31,-62367.85037360359,76160.11335458861,-8341.443069651566,89249.3275735573,110000.0000000001,204700.14748489085
2016-04-01,213066.48708036114,79400.08822231893,-4869.903993320879,-145843.46135148196,-15000.000000000013,126753.20995787722
2016-04-04,-109665.45362577352,17574.69244288323,-98837.6139764735,-51546.39175257714,32500.000000000306,-209974.76691194065
2016-04-05,-263787.5627219938,-1755.9262510968842,28119.50790861273,128078.817733992,129999.99999999956,20654.83666951362
2016-04-06,224136.6969412617,-12292.562999383083,-76410.79565369857,-72044.93650276923,-69999.9999999995,-6611.598214588666
2016-04-07,-343933.8904552669,40414.68986118346,-12715.456343600496,168098.15950920238,159999.9999999996,11863.502571518038
2016-04-08,69832.56146975259,-54362.12187637235,-56585.08982883004,76443.94110985164,-72499.99999999978,-37170.70912559794
2016-04-11,-40920.0453320685,50993.49393353325,51216.3892445594,171428.5714285735,-10000.00000000001,222718.40927459765
2016-04-12,328620.7145993947,17539.244058579763,73602.26468506648,32227.26187634417,-142499.99999999985,309489.48521938524
2016-04-13,369389.85681032046,-49066.85358801122,24589.012224252026,-150071.46260124005,47499.99999999977,242340.55284532098
2016-04-14,35472.418345038335,-186209.92534036373,-53963.13687013876,-262271.4148219435,-47499.99999999977,-514472.0586874074
2016-04-15,-56561.735939617,-15958.861601204077,-32412.626832017955,99183.67346938628,72499.99999999978,66750.44909654703
2016-04-18,208660.89378046014,53238.68677905796,19793.581224374357,6082.231773579805,-52499.99999999977,235275.39355747245
2016-04-19,96111.12098536822,15929.203539823966,81839.98871172716,235894.94163424373,-25000.000000000022,404775.25487116305
2016-04-20,82723.1133956674,90193.65107436173,69979.00629811094,2394.253790903855,-177500.00000000044,67790.0245590435
2016-04-21,-220003.9013564675,-96830.98591549032,-35441.27866574098,-50271.30545802727,-40000.00000000004,-442547.47139572614
2016-04-22,41320.68252947541,-22998.673153473705,-11158.379245415073,-243795.03602882268,-44999.99999999948,-281631.40589823556
2016-04-25,-51536.48545441592,-102727.59475735028,86574.04175103079,124521.8523642877,-35000.00000000003,21831.813903552276
2016-04-26,25465.53308516608,62310.84208652593,30456.150065756305,39954.798611669954,-72500.00000000033,85687.32384911792
2016-04-27,99667.4878490178,53243.41112787234,59347.181008901905,84527.45129608696,177499.99999999988,474285.5312818789
2016-04-28,-408925.50806333363,53102.044428712245,-24010.42738560788,195725.26416906656,55000.00000000005,-129108.6268511627
2016-04-29,-112120.85183132936,47665.283784974476,47448.769082658604,280916.6337416058,47500.00000000032,311409.8347779098
2016-05-02,231421.36332231277,188446.63613948764,-5475.326808569436,63993.1740614319,-115000.0000000001,363385.8467146628
2016-05-03,-274367.34118972905,108174.12544708916,43141.82017393753,-46342.78211168685,162499.99999999985,-6894.177680389374
2016-05-04,-196482.88453944284,-36442.51626897965,-78412.65512068651,-202215.85186333102,40000.00000000004,-473553.90779244
2016-05-05,18738.039097495606,-19123.78303199125,-30238.471582708647,-22382.784889654617,92499.99999999981,39492.99959314091
2016-05-06,158385.47827353055,-151396.50221874134,-9650.513545185202,253657.38555922723,-79999.99999999952,170995.84806883172
2016-05-09,-68498.13112612235,-31562.335612835835,-42779.27275236348,-316729.83216026187,47499.99999999977,-412069.57165158377
2016-05-10,439706.2901596094,0.0,-11087.242741321113,-20148.546144119762,-0.0,408470.50127416855
2016-05-11,-424079.7396302504,-24587.284861259384,24973.98543184204,126987.89461191406,57499.999999999774,-239205.1444477539
2016-05-12,18536.377146112227,93195.00615438959,-8995.91723756199,-50604.11109367557,-49999.99999999949,2131.3549692647503
2016-05-13,-365751.53071301716,-87512.03290452647,4848.316941403752,18893.17484058961,129999.99999999956,-299522.0718355507
2016-05-16,350073.45175337547,-105475.96027072225,-66458.98234683201,17690.069974054535,-119999.99999999955,75828.57910987617
2016-05-17,-357159.5943923184,-1767.2528055134862,68297.44233047607,32982.56635778318,-15000.000000000013,-272646.83850957267
2016-05-18,-6708.507368521355,0.0,5537.481830137914,-29384.109073812837,-302500.0,-333055.1346121963
2016-05-19,-182162.90419943605,-164369.0349946958,97544.10238671741,-229645.9134804113,87499.9999999998,-391133.75028782606
2016-05-20,131565.66525574177,-30294.93005435313,3425.5960537121764,-21527.66703874931,-10000.00000000001,73168.66421635149
2016-05-23,-16019.139543358984,28556.130644297184,-75337.305663995,-15570.105397638701,27499.999999999745,-50870.41996069575
2016-05-24,426412.2705573026,-10693.281055074167,-6210.751500932421,-266165.7741187728,-52499.99999999977,90842.46388252336
2016-05-25,287534.48679970985,-139087.01854493667,90457.11918243437,-65912.6047684927,-27500.000000000302,145491.98266871454
2016-05-26,-45525.56058282531,37708.74483749243,58167.38520495468,-41683.69431957586,117500.00000000038,126166.87514004632
2016-05-27,88205.31862562265,59145.08468500834,-22452.03429038001,-77452.66781411241,-70000.00000000006,-22554.298793861482
2016-05-31,-168447.54330780808,-78627.5911365264,-20456.87009887387,12357.884330203016,42499.99999999976,-212674.12021300555
2016-06-01,4860.236574613097,-21528.52529601956,-104543.90160574034,-35808.36351662731,-30000.000000000025,-187020.55384377413
2016-06-02,96187.84384421319,95186.7816091978,-43502.278690787934,-25992.24358445562,87500.00000000035,209380.10317816777
2016-06-03,-61804.31604344838,-66136.38394852073,-9709.411193564722,375681.9308976689,267500.0,505531.81971213507
2016-06-06,222633.607119872,356886.65710186475,-14578.271433529633,54431.09426659154,-47500.00000000032,571873.0870547983
2016-06-07,35057.94815162222,22905.470883625156,52141.26807564057,-2410.412984089061,25000.000000000022,132694.2741267989
2016-06-08,130277.2618110537,-10559.662090816602,58786.914724393566,185631.6297010585,17500.000000000295,381636.14414568944
2016-06-09,-38605.83558501718,86282.7962669499,-17876.78767876777,123829.17923480007,65000.00000000006,218629.35223796507
2016-06-10,-233233.5660618523,-161304.4621723514,-37195.205951233715,37789.324515824504,102499.99999999981,-291443.9096696131
2016-06-13,-260286.1182602756,-132567.38842244432,-190127.21238937936,129574.36783414322,57499.999999999774,-395906.3512379563
2016-06-14,-113808.10805933394,90747.33096085196,12685.883430827438,14014.325755213886,12500.00000000029,16139.432087559633
2016-06-15,-68614.56014828016,-138163.13878310283,-58421.90469486863,2333.540759178465,37499.99999999975,-225366.06286707334
2016-06-16,184383.14369986553,89182.1992330355,50977.06032285432,120158.65608959287,80000.00000000007,524701.0593453483
2016-06-17,-114356.76785220506,-19532.98410725557,70442.37813468523,-41663.451894143334,-135000.00000000012,-240110.82571891882
2016-06-20,256849.16006417756,172413.7931034475,202853.94515948463,-29013.53965183817,-129999.99999999956,473103.358675272
2016-06-21,48868.65222829662,-45819.01489117968,61017.413958590616,-226744.18604651137,-67500.00000000033,-230177.13475080417
2016-06-22,-95991.35825387905,-127174.77700256329,-3407.155025553221,-29515.938606847758,30000.000000000025,-226089.2288888433
2016-06-23,453207.1899905632,136876.72206915024,81117.92774369464,-80441.64037854905,-135000.00000000012,455760.1994248588
2016-06-24,-1186003.940909675,-7062.146892653498,-156197.17357495567,699333.9676498577,400000.00000000035,-249929.2937274262
2016-06-27,-523991.78196341766,-508654.1858000726,-760406.6492650085,28409.090909091716,297499.99999999994,-1467143.526119407
2016-06-28,550272.3415774824,-38057.267125770624,-160582.85629321323,-81663.51606805345,-2500.0000000002797,267468.7020904448
2016-06-29,572875.3822577281,107126.64548343298,87646.39214204895,98076.48445221751,-40000.00000000004,825724.9043354276
2016-06-30,465442.15549532586,97525.73595810165,86135.86997228806,-62315.884885565385,-27499.999999999745,559287.8765401504
2016-07-01,37830.47285580432,-39539.89935298274,-101737.70978761376,208206.91747572727,80000.00000000007,184759.78119093517
2016-07-05,-212054.7963521835,72033.13524221322,-36761.94763297946,221066.8063140564,222499.9999999999,266783.19757110655
2016-07-06,153021.5878147756,-145343.62102996523,-242469.8795180724,93998.82040695973,-45000.00000000004,-185793.09232630234
2016-07-07,-44417.483042773485,61455.03840940147,-24695.169007563632,-52751.117297973324,-5000.000000000005,-65408.73093890897
2016-07-08,490621.30501545843,-59464.81665014991,-7736.345350455309,-38600.10293360805,52499.99999999977,437320.0400812449
2016-07-11,154664.143532115,-39761.431411531325,23227.005264787604,-17691.287041131654,-169999.9999999996,-49561.569655759944
2016-07-12,231849.24724020562,25353.132922849574,27035.377722848254,-231365.3136531374,-197499.99999999988,-144627.5557672338
2016-07-13,46640.799621968654,9043.226623264289,228795.93251675655,93321.34022936867,112499.99999999983,490301.29899135797
2016-07-14,255830.5737171318,57850.49263309805,-118993.82437114081,-124031.58522050206,-157499.99999999985,-86844.34324141288
2016-07-15,19177.139164212596,19828.75168995424,181402.43902438958,-54082.47577555647,-157500.0000000004,8825.854102999554
2016-07-18,31188.315317919325,-95443.90419593097,-95822.7279532875,21485.111194875506,17500.000000000295,-121093.20563642334
2016-07-19,49025.92935323358,34379.806387407894,29478.458049887467,35004.516711834025,72499.99999999978,220388.71050236275
2016-07-20,67929.26993412052,-104768.78612716733,-121335.44351495939,-143071.72361997745,-55000.00000000005,-356246.6833279837
2016-07-21,-146436.9780527347,10895.224260036863,119774.18370460845,133075.5232029135,37500.00000000031,154807.95311482443
2016-07-22,101348.85185311359,23593.466424678412,-14323.407463249227,-83427.28297632496,-12500.00000000029,14691.627838217524
2016-07-25,-146608.7981971681,-114202.8460074318,-87573.60712667972,-43080.64394225597,-2499.999999999725,-393965.89527353534
2016-07-26,-36546.14217441899,38286.23518687291,-16755.521706016683,15917.5320245597,20000.00000000002,20902.103330996957
2016-07-27,-2993.436633062507,-5459.011918842461,34330.180042720924,67009.91898235475,120000.0000000001,212887.6504731708
2016-07-28,-29974.82158295317,154714.23370950087,64624.04014293543,64450.47489823663,10000.00000000001,263813.92716771975
2016-07-29,-45721.39128266983,19868.147746771036,-57410.48496751833,188020.7160549441,132499.99999999985,237256.9875515268
2016-08-01,-52655.02185302196,151569.83038614236,41027.19951375233,26686.43439584839,-95000.00000000009,71628.44244272105
2016-08-02,-172560.9646765891,0.0,-23456.41646489205,144294.80538700634,-102499.99999999981,-154222.57575447462
2016-08-03,78795.9005709904,91332.37822349205,116040.95563140015,-91248.90061565804,-12500.00000000029,182420.3338102243
2016-08-04,-5625.170253339417,-119440.23531508919,-7497.375918429361,29865.05419954266,97500.00000000036,-5197.727287314949
2016-08-05,365179.91178097506,-30487.80487804992,-149309.72388955578,-247277.00912569705,-197500.00000000047,-259394.62611232817
2016-08-08,-26877.298982443397,-80826.22361921698,-32751.923223398593,-33672.55312780593,-2499.999999999725,-176627.99895286464
2016-08-09,7102.268894275676,-10820.559062216795,-41265.47455295837,62996.85015748957,95000.00000000009,113013.08543659016
2016-08-10,-70611.69100606612,57740.88776614672,-19183.54818907231,59372.666168781005,90000.00000000007,117318.31473978938
2016-08-11,223030.70017506977,125944.58438287326,9994.618282462841,-20084.80249944211,-160000.00000000015,178885.10034096355
2016-08-12,-69667.10219238503,-84033.61344538008,-49923.19508448473,-74860.3351955318,145000.00000000012,-133484.24591778155
2016-08-15,112254.91172434542,50273.81273004838,-34735.623311463736,50531.5166941156,-95000.00000000009,83324.61783704557
2016-08-16,-157815.09493696332,30446.852332768336,-20914.020139426448,114153.5477131983,-57500.00000000033,-91628.71503042345
2016-08-17,41353.987328602845,164520.74391988257,117208.72467592791,-86634.57978526468,37500.00000000031,273948.87613914895
2016-08-18,44772.40693143703,40794.608017025166,8439.4660119691,94957.92060773223,62499.999999999774,251464.4015681633
2016-08-19,-84932.54542228546,88503.40738118412,93522.42238405584,-119893.42806394243,-105000.00000000009,-127800.14372098801
2016-08-22,-43673.19460323038,-89875.75997885466,-84301.6632490312,-30214.861235451917,97500.00000000036,-150565.4790665678
2016-08-23,33773.318322971594,37174.72118959009,62040.44117646967,32518.501906256824,-35000.00000000003,130506.98259528817
2016-08-24,-124206.75785693892,-31804.929764109867,44911.31917484958,-181262.1214381599,-15000.000000000013,-307362.48988435906
2016-08-25,-62627.560130463775,-65480.9308910731,29554.41042740148,-48701.2987013008,-45000.00000000004,-192255.37929543623
2016-08-26,-100569.64258708335,47940.34090909172,-30978.466188137376,15907.885766230922,-145000.00000000012,-212699.88209989818
2016-08-29,204706.06782129974,-162961.65087237748,-49264.81734121579,15891.032917141334,172499.99999999988,180870.6325248477
2016-08-30,-92101.33064980642,-10715.242432359773,-15995.12529514846,-126993.72590520896,-10000.00000000001,-255805.42428252363
2016-08-31,-101315.14064472547,-71473.2422049491,-12969.179127251262,-54890.599984752094,5000.000000000005,-235648.16196167792
2016-09-01,35036.36782588471,14345.91589707157,32846.99411809644,60830.97406075488,-5000.000000000005,138060.25190180758
2016-09-02,138067.13610180377,71678.16503897306,107354.95660118888,113168.72427983515,-65000.00000000006,365268.98202180077
2016-09-06,87367.69925956622,-85706.63333631102,29378.531073447346,309734.51327433897,132500.0000000004,473274.1102710419
2016-09-07,-22618.25902518666,181117.18820048583,80366.53147063256,-56691.863050246095,5000.000000000005,187173.59759568566
2016-09-08,-87338.75486204746,-23102.896747819734,-61098.27881677909,-83686.67708100908,-187500.00000000044,-442726.6075076558
2016-09-09,-747086.9717439088,53376.03416065928,-21740.760176925945,-75179.53321364567,-139999.99999999956,-930631.2309738207
2016-09-12,463726.36566963774,-53233.96326856411,-27798.647633359153,-102623.86286745306,-0.0,280069.8919002614
2016-09-13,-493378.7428915665,5337.603416064596,49725.005650569365,-22710.06813020504,-155000.00000000015,-616026.2019551377
2016-09-14,-61953.58877495893,-44468.16079687332,-108703.80088462528,28430.629264594165,112499.99999999983,-74194.92119186354
2016-09-15,344881.02703832404,49915.322221232294,53054.418675155815,-90805.90238365548,-35000.00000000003,322044.8655510566
2016-09-16,-170421.6010120524,-1778.2519783060557,-12062.726176116368,-87933.00342596178,5000.000000000005,-267195.5825924366
2016-09-19,-7010.119290660199,-156500.08892050816,-175120.77294685956,88451.52396998013,12500.00000000029,-237679.45718804747
2016-09-20,18909.86673965922,41226.02616956961,22280.270436385585,2283.9741149593974,20000.00000000002,104700.13746057382
2016-09-21,316101.08351039054,-48296.21679635299,-45994.633959371975,150719.34231559726,50000.000000000044,422529.5750702629
2016-09-22,188950.2943636301,69930.0699300709,39276.08779360936,152611.3497626036,90000.00000000007,540767.8018499141
2016-09-23,-249305.96559677055,30376.127937103982,39122.43019331019,-35810.205908684555,42499.99999999976,-173117.61337504117
2016-09-26,-319344.8493958584,51739.518287243765,-82524.64277527238,28043.673347292188,65000.00000000006,-257086.30053659476
2016-09-27,258164.90124527135,19574.69525758704,-6934.278449804987,-154512.20422482537,82499.9999999998,198793.11382822783
2016-09-28,213014.9273382642,-53333.3333333319,32382.420971472926,-73534.95738743499,-27499.999999999745,91029.05758897052
2016-09-29,-373660.52246440126,8912.655971480277,21518.59821703184,26148.24920418313,25000.000000000022,-292081.019071706
2016-09-30,317717.96433423425,-8908.685968818108,-59049.07975460172,-95331.76969055146,-127500.0000000004,26928.428920262566
2016-10-03,-103806.22837370845,26737.96791443639,-23914.21738795141,-49112.921647757044,-35000.00000000003,-185095.39949498055
2016-10-04,-163746.2781824084,-44503.78282153889,-64181.87442004286,-489304.8128342259,-152499.99999999985,-914236.748258216
2016-10-05,216875.95804815163,1784.121320249632,-91057.6698575749,-13030.087656952794,-82499.9999999998,32072.32185387377
2016-10-06,-23989.348521390453,-5351.886540003737,18064.718818724403,-182579.82927600446,-65000.00000000006,-258856.3455186743
2016-10-07,-53663.409694280075,-112419.7002141325,-276754.21403371316,-10801.728276522705,15000.000000000013,-438639.0522186485
2016-10-10,169910.45744933264,93315.38806639728,26608.61151427163,0.0,-0.0,289834.45703000156
2016-10-11,-382633.242111971,-100026.7928909504,-75593.08403699339,49243.33413403703,-57499.999999999774,-566509.7849058775
2016-10-12,30002.217483253713,-141818.50821290753,-50239.04059638595,-22745.411013568308,-47500.00000000032,-232300.7423396084
2016-10-13,-87306.13639620577,-90399.56608208444,-74110.2695659246,46758.85221005482,100000.00000000009,-105057.11983415988
2016-10-14,76269.65999113944,69015.61932437516,27896.291434197363,-22709.163346615325,-140000.00000000012,10472.407403096528
2016-10-17,-100301.12942831626,-148416.289592761,-31909.671084928705,15561.407708882813,70000.00000000006,-195065.68239712308
2016-10-18,146181.66135880185,87527.35229759167,29549.372075843294,76530.61224489722,42499.99999999976,382288.9979771338
2016-10-19,78394.7089352821,-70806.10021786616,70382.19166871195,84470.17766497588,-7499.999999999729,154940.97805110403
2016-10-20,-77431.16100869197,-3643.9828732803826,-12190.16659894212,-27210.347819231483,12499.999999999734,-107975.65830014621
2016-10-21,-32066.33502823075,-82004.55580865462,-27664.76810414975,3555.6257901403487,17500.000000000295,-120680.03315089448
2016-10-24,149137.17898059398,-86001.82982616556,-30189.295039164677,-46212.18105695601,-57499.999999999774,-70766.12694169204
2016-10-25,-103253.95941289561,-14701.828539926964,-1636.7951550866344,117670.36450079372,12499.999999999734,10577.781392884248
2016-10-26,57905.463455606434,22068.965517241246,-33559.793730048026,-83732.9978771928,-80000.00000000007,-117318.36263439323
2016-10-27,-57021.32990610231,45926.33416000691,48455.97897503273,36764.70588235614,-132499.99999999985,-58374.310888706386
2016-10-28,-16354.16804258938,-21994.134897358465,-52308.949734368725,89912.45366353651,-5000.000000000005,-5744.799010780062
2016-10-31,-36173.290406629756,155963.3027522933,36973.13285679016,-47040.376323009834,27499.999999999745,137222.76887944358
2016-11-01,-203181.27350155145,-21847.974510698088,17190.569744596207,175776.64176169905,35000.00000000003,2937.963494045747
2016-11-02,-150306.86751195954,153103.07117470057,1634.3875132784901,237873.13432835578,52500.00000000033,294803.72550437564
2016-11-03,-56457.145020725744,74161.16487293234,53925.974344308794,-53948.57667585018,-32500.000000000306,-14818.582479335098
2016-11-04,-82743.7011556148,7208.506037126305,133279.15481511576,13823.823055065797,72500.00000000033,144067.7827516934
2016-11-07,726520.3809421572,-1801.477211313962,16039.77865105355,-287731.14401902835,-112500.00000000038,340527.53836286813
2016-11-08,140194.7468728837,-88280.33510494881,-72063.41580590857,-57498.239849799735,-85000.00000000007,-162647.24388777348
2016-11-09,490556.7852923154,-59717.69815417805,-8065.1665456898945,-9423.590387939717,-524999.9999999999,-111649.66979549214
2016-11-10,410800.2876863548,-177874.5802704429,25829.36475906017,-83686.9401225826,-112499.99999999983,62568.132052389614
2016-11-11,74027.48209792697,-56771.35793425769,106271.63674422402,0.0,-0.0,123527.7609078933
2016-11-14,39052.59326621446,-119375.57392102783,16729.06874850666,-525088.897668905,-262499.99999999994,-851182.8095752117
2016-11-15,100852.25842388024,-138568.1293302543,-42945.7610943218,34392.40091712925,-40000.00000000004,-86269.23108356666
2016-11-16,-101579.76564044491,-42790.69767441745,-51118.210862619584,-7352.941176468897,37500.00000000031,-165341.61535395053
2016-11-17,66185.64415994065,-37289.08362077066,-11239.563262684936,-84600.29426189452,-132499.99999999985,-199443.29698540934
2016-11-18,-66449.53242254503,-156906.69655365584,-25719.337727052593,-98643.64981504391,-147500.0000000004,-495219.2165182978
2016-11-21,164649.75225157107,-73425.58599265691,-69298.95245769701,13653.28920148734,-10000.00000000001,25578.503002704478
2016-11-22,124035.36693378126,103930.46107331826,137942.22654982313,17361.111111111604,44999.99999999948,428269.1656680337
2016-11-23,109118.1762701332,-9399.379640946392,-56026.89290859719,-271263.41866226314,-90000.00000000007,-317571.5149416736
2016-11-25,126477.87213661666,-135414.70754184548,23341.918866710555,-137498.9487847933,-37499.9999999992,-160593.86532331078
2016-11-28,-99122.08244091226,94679.03806096967,22484.54187745885,157867.9341368172,130000.00000000012,305909.43163433357
2016-11-29,43434.09484812155,16961.929890690895,-55284.031728226604,-34016.4622879191,44999.99999999948,16095.530722666226
2016-11-30,3624.1737093178904,50842.67018171218,64453.754431195164,-215927.26660493444,-164999.9999999996,-262006.6682827088
2016-12-01,125094.25536431861,-105184.07212622094,20012.808197245045,-49965.83532627108,-182499.99999999988,-192542.84389092826
2016-12-02,-39227.4252771907,134063.44410876514,58320.68386993683,105407.48993058347,127499.99999999929,386064.192632094
2016-12-05,83654.92253169627,-151927.22498358792,61953.93169181829,-14041.358182280694,7500.000000000284,-12859.728942353773
2016-12-06,64731.70609858747,330750.3307503312,47363.435427849596,-81771.72061328897,-22499.99999999974,338573.75166347955
2016-12-07,541477.2036663629,-68792.41424188942,-44783.15524827137,95066.80369989807,122499.99999999983,645468.4378761
2016-12-08,116710.70844344267,78358.20895522261,-33935.758819351184,-66382.97872340548,-100000.00000000009,-5249.820144091471
2016-12-09,253451.34620217702,-262033.079353281,-34051.314539119696,-133356.12925286122,-192499.99999999988,-368489.1769430848
2016-12-12,70117.45293404648,-139346.5775350733,10329.757647993265,53044.67828186832,-37500.00000000031,-43354.68867116555
2016-12-13,202930.52838314284,180146.01308429247,61914.58961740004,-87666.52342071301,-4999.99999999945,352324.6076641228
2016-12-14,-208616.1514041579,-24431.49783875276,-10255.601136005544,59652.45958329479,-110000.0000000001,-293650.7907956215
2016-12-15,105587.81520099258,-216389.12409446042,-98712.78527994965,-432704.727460605,-137500.0000000004,-779718.821634023
2016-12-16,-15567.512784456228,-180711.4323758774,-90923.59227947156,99751.72902996987,-42499.99999999976,-229950.80840983507
2016-12-19,69935.05652506226,59506.67050580449,52318.09401158971,68704.30723156851,137500.0000000004,387964.1282740254
2016-12-20,161172.3748758953,-84210.52631578884,-79269.75738649866,-118369.13634370893,-65000.00000000061,-185677.04517010174
2016-12-21,-57227.62185213059,-30751.489525275843,-19370.460048427907,-5302.695536898438,55000.000000000604,-57652.26696273217
2016-12-22,-40507.552918565,75072.1847930702,-8895.35824033505,-30501.281937935775,-17500.000000000295,-22332.008303765917
2016-12-23,26233.904717537505,17259.564675424775,-56657.223796034996,41194.18851878387,24999.99999999947,53030.434115710625
2016-12-27,19717.75591319669,36405.44165548931,-7326.00732600619,71561.0919692522,-50000.000000000044,70358.28221193196
2016-12-28,-195417.0059323024,9562.972171748284,0.0,27697.17752572065,142500.00000000096,-15656.856234832492
2016-12-29,-24528.98302282014,-86025.6165169182,-41544.47702834907,223802.00105318715,72499.99999999978,144202.9244850995
2016-12-30,-100974.88468590654,303350.29279063176,51533.74233128894,-83016.25735039842,77499.99999999924,248392.893085615
2017-01-03,211034.98527521468,-217494.08983451567,-4882.8125,135652.1739130456,-10000.00000000001,114310.2568537446
2017-01-04,106328.61477052447,-76481.83556405286,-29311.187103078228,43950.36194415614,-4999.99999999945,39485.95404755007
2017-01-05,-75240.09435286582,155470.24952015321,66144.04703576771,204932.11892077644,210000.00000000017,561306.3211238317
2017-01-06,113463.84720258396,199980.9541948361,79500.28392958552,-99177.75705687804,-125000.00000000067,168767.32827012686
2017-01-09,-133977.49927368085,-139543.65453517027,-131991.9517102608,148476.83249423982,105000.00000000065,-152036.27302487148
2017-01-10,-56053.13520433752,108241.54956323717,-71772.28611043085,8871.989860583795,-7500.000000000284,-18211.88189094769
2017-01-11,174069.89387843464,-69883.84172254225,821.4901831915533,144401.2835669628,22499.99999999974,271908.8259060465
2017-01-12,-110993.73167059668,87187.26307809455,32856.908164942135,41401.8066242916,22499.99999999974,72952.24619673134
2017-01-13,-9273.03805741242,35855.82185317904,-40117.8974946792,-45041.28784719452,-47499.99999999921,-106076.40154610631
2017-01-17,-103772.90650129267,-26372.798342282345,-102753.80189066929,209570.81904124486,132499.99999999985,109171.31230700042
2017-01-18,-38924.64581976618,177308.3089691596,289036.5448504983,-8663.366336634226,-154999.9999999996,263756.8416632579
2017-01-19,-127807.91649667166,-129008.13312143767,-103325.79916047746,-128787.25336415264,-175000.0000000007,-663929.10214274
2017-01-20,168238.53155216505,60218.29130598455,63621.53344208865,42468.14888833051,-20000.00000000002,314546.5051885687
2017-01-23,-48367.77667099834,101313.32082551125,39714.702544981774,133272.44042182108,160000.00000000015,385932.6871213159
2017-01-24,199501.51137509086,87735.67295128349,104948.73657867165,-58024.69135802513,-170000.00000000015,164161.22954702072
2017-01-25,273845.1973638933,-59474.02657745737,12782.61564272576,-161117.07841031218,-130000.00000000012,-63963.2919811506
2017-01-26,56506.43719937731,42874.452418679706,80587.24966089503,-97719.86970684043,37500.00000000031,119748.26957211192
2017-01-27,-12414.860819733864,-128348.21428571174,-30869.083425676403,-17654.476670871387,67500.00000000033,-121786.63520199306
2017-01-30,-213635.76191238908,58036.132172607504,-2381.897578404013,64388.51948489366,-5000.000000000559,-98593.0078332925
2017-01-31,-187590.78730146927,-9333.582228858717,-73062.26175349484,193597.04994971195,80000.00000000007,3610.4186658891995
2017-02-01,47308.9882295108,177420.86095807518,71999.99999999873,-37233.16233658735,-57500.00000000033,201996.68685099704
2017-02-02,-10610.358283719701,-68493.15068493178,56393.96346306613,138105.50763105668,10000.00000000001,125395.96212547134
2017-02-03,328352.001593164,-9287.638153616663,-111365.61093120556,22191.172844578945,-52499.99999999977,177389.92535292092
2017-02-06,-33201.37149963209,39026.20330793472,-28753.99361022435,141567.50102584992,195000.00000000073,313638.3392239289
2017-02-07,66099.25385564596,-74190.85597700103,-12816.40499839809,51219.512195122,60000.00000000005,90311.50507536888
2017-02-08,-62629.75795770121,-121009.02913525057,22457.491177414468,41322.314049585526,94999.99999999953,-24858.981865952257
2017-02-09,206045.17525882216,26222.138977334274,25608.19462227748,-30300.5817711699,-110000.0000000001,117574.92708726392
2017-02-10,168247.2090579168,-61728.39506172645,-23946.36015325635,-8501.335924213648,-34999.999999999476,39071.117918720876
2017-02-13,246561.68395959298,-73177.59639741128,-10401.664266282973,-121516.52624757036,-62500.00000000089,-21034.10295167254
2017-02-14,158177.77246503904,-41431.261770243924,30436.523828594185,-6125.449199607669,-90000.00000000007,51057.585323781575
2017-02-15,183411.76361573287,-37742.970371767995,-42322.12728579321,95596.0454285465,-79999.99999999897,118942.71138671918
2017-02-16,13431.587445286164,54830.78086594428,0.0,101079.8083949016,129999.99999999901,299342.1767061311
2017-02-17,7264.87249857799,122560.57320637393,15236.567762628716,-29032.258064518035,62500.00000000089,178529.7554030635
2017-02-21,201863.84342551822,-118065.96701649186,-12811.273921049526,-1212.0232708451306,-5000.000000000559,64774.57921713114
2017-02-22,55006.508219638265,-126307.85182392134,11224.244367833424,-66666.6666666671,22499.99999999974,-104243.76590311702
2017-02-23,58491.69217736372,22766.078542968415,-26427.484583966267,221590.90909091072,75000.00000000063,351421.19522727723
2017-02-24,19240.45377485806,56850.48322911168,81901.39714147948,80387.13805791242,177499.99999999933,415879.472203361
2017-02-27,26357.0418638992,-58578.987150417204,-124243.38961452786,5967.061818760167,-130000.00000000012,-280498.27308228577
2017-02-28,-42327.656372372905,58751.06604757097,31451.61290322607,-57261.01479243018,27500.000000000302,18114.007785994258
2017-03-01,510077.24300699774,-28344.671201814275,-49039.31184178756,-44307.83969343488,-262499.99999999994,125885.42026996112
2017-03-02,-186606.55299056417,-62446.77831393375,-85635.80546130156,-204179.67811674264,-64999.999999999505,-603868.8148825417
2017-03-03,4566.020900850232,-49354.593773731634,2444.589308996381,-77928.40327948747,-7500.000000000284,-127772.38684337278
2017-03-06,-85593.39341540795,209324.45290199996,20366.598778003285,-12239.90208078285,-5000.000000000559,126857.7561838119
2017-03-07,-49407.42586022895,-77212.80602636549,-46341.463414634185,-115149.04042466411,-42499.99999999976,-330610.7357258925
2017-03-08,-115463.68990612011,-17014.840722187062,-31038.144245691958,-81474.77573862139,-102499.99999999981,-347491.45061262033
2017-03-09,4128.361845880946,-43519.394512772094,-22941.417451862733,-75713.69466280342,-114999.99999999955,-253046.14478155685
2017-03-10,75157.52805013042,58784.488480139174,-16424.406668309464,-21207.584830339467,40000.00000000004,136310.02503162067
2017-03-13,-35999.651724299976,211760.25713745438,11515.999012914335,21237.611393355448,-65000.00000000061,143514.21581942358
2017-03-14,-73933.93571720197,-72965.38821328414,28756.881110836297,-6237.524950099549,32499.999999999753,-91879.9677697496
2017-03-15,189349.7115998799,-73232.56032297554,-40144.19138128722,-22464.431317083534,217500.00000000047,271008.5285785341
2017-03-16,-25978.39628450227,237467.01846965923,104466.56247429464,329972.50229147676,-34999.999999999476,610927.6869509288
2017-03-17,-33320.51560697547,68914.13671074265,54542.494301532686,40358.744394619614,52499.99999999977,182994.85979991924
2017-03-20,-14659.601752262663,-59396.75174013725,27528.135373653397,46348.99983737117,70000.00000000006,69820.78171862471
2017-03-21,-398201.7482179667,-9308.386856556883,-14533.710133225464,151994.16342412398,92499.99999999981,-177549.68178362522
2017-03-22,-11362.97108429718,137828.27342148972,92989.40729360438,38520.182970870344,100000.00000000009,357974.8926016673
2017-03-23,-7995.624670272816,-40695.52349241557,-5608.075628904529,-28816.13703673902,-55000.000000000604,-138115.36082833254
2017-03-24,-101425.30854575337,-11121.408711769476,35270.5410821641,15638.784184776045,45000.0000000006,-16637.39199058211
2017-03-27,-77725.96801821297,122403.56083085935,-3195.1433820587295,86524.59541740321,67499.99999999923,195507.0448479901
2017-03-28,256347.87246155422,20276.49769585249,34358.76947662786,-1194.8382985516037,-89999.99999999897,219788.30133548402
2017-03-29,-71313.672922253,-79182.39572783258,-109093.80474597885,-22703.73615868626,57499.99999999922,-224793.6095547515
2017-03-30,117184.39909929379,-107228.69291921011,15296.674985911806,-100526.5677357603,-74999.9999999995,-150274.1865697643
2017-03-31,-110208.22066633962,-135687.73234200914,30546.623794212024,27710.843373494055,50000.000000000044,-137638.48584064265
2017-04-03,-22036.73967561881,-33685.7864695439,50488.86039429323,42090.91637938034,114999.99999999955,151857.2506285104
2017-04-04,66151.86964200603,1874.5899334504657,-39071.84435053002,50367.76463063664,-0.0,79322.37985556311
2017-04-05,-69511.97820703137,18744.142455484613,-41626.64105027303,-114741.03585657314,-17500.000000000295,-224635.5126583932
2017-04-06,25086.993265739377,-14981.273408243289,39389.06752411597,59017.183234298944,35000.00000000059,143511.9706159116
2017-04-07,-11602.893100941536,-50599.700149922544,-16014.092401313019,47988.482764136366,-75000.00000000063,-105228.20288804136
2017-04-10,3253.2762719017505,-118365.42977923914,-75386.95965995545,-38268.35685242891,30000.000000000025,-198767.47001972172
2017-04-11,-11385.40866936988,30240.030240031858,40404.040404038446,240987.93062105385,157500.0000000004,457746.59259575466
2017-04-12,-100739.42076285703,24532.93074164531,53923.541247486995,48379.48395217006,5000.000000000559,31096.535178445898
2017-04-13,-235595.52172557786,113090.1894260683,46429.71501761073,124676.54669489626,159999.99999999904,208600.92941299645
2017-04-17,314299.6834243905,-112454.3154343538,-11952.191235058419,40827.43603701644,-49999.99999999894,180720.6127919958
2017-04-18,-192732.24880456907,64084.440674774254,18348.623853210454,26756.630991158214,182499.99999999988,98957.44671457374
2017-04-19,-202582.14086636915,157820.57303898255,228539.5763656628,-119609.81652086366,-57500.00000000033,6668.192017412199
2017-04-20,298841.0884074999,-26097.492776588904,-49046.32152588517,5852.973310442877,-97500.00000000036,132050.24741546833
2017-04-21,-52639.35397311403,0.0,15647.003598810994,64357.59419611387,10000.00000000001,37365.24382181084
2017-04-24,368144.75154469785,296780.214652359,18747.070770190887,-135156.12863135184,-90000.00000000007,458515.9083358959
2017-04-25,391451.21651097405,-16553.246275516907,-38203.64883829641,-119924.7530960973,-134999.99999999956,81769.56830106385
2017-04-26,-35056.477101481076,115968.70685687932,43046.09845816598,-41482.30088495519,40000.00000000004,122476.02732860905
2017-04-27,10412.351031632294,-34773.060029282824,12468.827930174342,19015.925837889692,37500.00000000031,44624.04477041382
2017-04-28,-68093.87202813543,-82500.68750572881,35803.23785803419,28487.773996990207,34999.999999999476,-51303.54767884039
2017-05-01,-45211.41080135793,81001.47275404978,29471.071816347117,-151646.7893531309,-107500.00000000038,-193885.6555840923
2017-05-02,60967.91253097589,1833.5166850036444,-27064.64583977608,21543.126146971183,72500.0000000009,129779.90952317553
2017-05-03,13381.931838307715,49500.41250343595,34891.83531053763,-103975.77882240161,-32500.000000000862,-38701.599170121175
2017-05-04,-10738.194189302552,-85954.64520848362,-54087.46716118129,-239489.730423621,-117499.99999999927,-507770.0369825878
2017-05-05,92664.14242054988,170814.58352465884,41174.642635177785,-20790.86832450061,10000.00000000001,293862.5002558858
2017-05-08,8897.05973359023,-30959.75232198178,31721.470019341337,6123.448726323977,-60000.00000000005,-44217.77384272629
2017-05-09,-60797.78110704925,-67487.46010031947,-17738.701218571463,-134660.8993715831,-77500.00000000035,-358184.84179752367
2017-05-10,-54512.87151180706,-75036.60322108363,4635.710422622452,37058.38754838209,-17500.000000000295,-105355.37676188645
2017-05-11,-39590.58611639421,-29392.853862406642,-13900.687311761973,66540.7048385791,35000.00000000059,18656.57754801686
2017-05-12,-38163.10394838651,-11038.54291233386,-30160.080426880897,42937.7606935466,162499.99999999985,126076.03340594519
2017-05-15,142920.3109978061,114127.93373216878,-3878.3741855408225,29358.995269938016,-7500.000000000284,275028.8658143718
2017-05-16,-3653.141701859819,100668.06991855249,12415.612632885597,78137.71772749667,22499.99999999974,210068.25857707468
2017-05-17,-621966.4200002383,203970.13294481515,10850.189878324201,273279.3522267207,282500.0,148633.25504962174
2017-05-18,95266.4953003679,111772.12907877986,41031.19919485865,-69184.89065606271,-42499.99999999976,136384.93291794398
2017-05-19,240221.41971502986,-75295.80494801013,-9252.120277563059,11983.702165057064,-30000.000000000025,137657.1966545137
2017-05-22,151390.25342180146,163757.4230700034,41673.09770026107,95793.08693222655,-22499.99999999974,430113.8611242927
2017-05-23,72161.39111923204,60687.19321731031,-13064.863203195997,-70199.09574046302,-77500.00000000035,-27915.374607117017
2017-05-24,124551.59087033762,-106771.06504137335,-29242.016160061503,-28689.83104877043,47500.00000000032,7348.678620132654
2017-05-25,117480.51866467657,93031.57706413767,17751.022613259338,40721.814116893016,27500.000000000302,296484.9324589669
2017-05-26,-4432.491657954119,-35615.706526577196,-36209.553158707,140946.01051122812,12499.999999999734,77188.25916798954
2017-05-30,-84360.83391681337,-146284.89876014506,-92012.680739193,-65083.6225938789,82499.9999999998,-305242.03601003054
2017-05-31,-34651.372573819564,77275.5863060448,-3901.982206961918,117661.04112194142,52499.99999999977,208883.27264720452
2017-06-01,225790.32922153684,128893.66272824888,51526.27059099135,-58962.26415094297,-52499.99999999977,294747.99838983436
2017-06-02,102810.79710823926,-49804.34009249635,10097.087378639902,116022.09944751252,145000.00000000067,324125.643841896
2017-06-05,-36722.595041377426,115905.84878744981,-13966.480446927499,29370.300751878633,-57500.00000000033,37087.07405102319
2017-06-06,-78991.07063619792,-42549.41937771761,28749.02874902885,177049.94919096385,87500.00000000035,171758.4879260775
2017-06-07,62030.92982996594,24873.41209914007,0.0,-49830.037082820854,-77500.00000000035,-40425.69515371519
2017-06-08,14612.47425460388,-28391.447076570043,42612.535833268514,-160452.67808696916,-40000.00000000004,-171619.11507566684
2017-06-09,147782.15822189744,-124389.16037316616,-184385.1257521989,-91671.23716994352,-12499.999999999734,-265163.36507341085
2017-06-12,-59726.48513513923,30397.854269113013,12575.65039691988,-28379.97635002143,-35000.00000000059,-80132.95681912836
2017-06-13,152950.20124159174,-10712.372790575575,-54164.377109664485,-3554.221625464149,15000.000000000568,99519.22971588808
2017-06-14,75633.6483582709,23222.57949267659,63930.54459352898,82951.493126876,172499.99999999988,418238.2655713524
2017-06-15,-24005.17250413625,12489.963422246397,2352.7566465397776,-242771.84160904965,-60000.00000000005,-311934.29404439975
2017-06-16,39948.68889835468,-123038.51640513397,3136.2709738114168,21562.050790606692,12499.999999999734,-45891.505742361434
2017-06-19,236849.21821076176,109446.48784426469,17244.08214453632,-117224.88038277412,-82499.9999999998,163814.90781678885
2017-06-20,-100550.46706789584,-112419.7002141325,-37558.685446008596,-38579.00659058055,92499.99999999981,-196607.85931861767
2017-06-21,-93112.07734239547,-14356.213548678554,-78542.25573358464,29008.86381950185,-4999.99999999945,-162001.68280515625
2017-06-22,-20826.687304963954,53874.472479127355,34832.1722609235,50667.52452951295,4999.99999999945,123547.48196459928
2017-06-23,-4138.374532479116,-30446.852332766117,1577.7847901543573,103398.52516832449,22499.99999999974,92891.08309323335
2017-06-26,24195.176762910054,87892.3766816131,51269.916390597195,-118213.66024518498,17500.000000000295,62643.809589935656
2017-06-27,-161663.83693258234,-26788.10608089721,-14125.40218158953,1203.5625451367605,-152499.99999999985,-353873.7826499322
2017-06-28,236419.23807146138,277181.6881258893,69155.20628683724,19255.455712451352,-57500.00000000033,544511.588196639
2017-06-29,-273381.8046564379,77608.25469618649,99898.54054475833,-45673.07692307676,-114999.99999999955,-256548.08633856935
2017-06-30,102926.52380346379,103663.3576385837,54091.64670427291,-42195.788458447845,-87500.00000000035,130985.7396878722
2017-07-03,212528.2733237066,-33210.977101905126,3842.902159711947,0.0,-0.0,183160.19838151344
2017-07-05,-1792.4259064688863,-110303.7730893841,-62231.10018438893,-245425.96921092898,-80000.00000000007,-499753.26839117095
2017-07-06,-257682.56792826738,-22887.32394365889,-2319.288751451154,22123.893805309213,-90000.00000000007,-350765.2868180683
2017-07-07,154807.4018622847,137481.2725830621,32477.575007734406,-166912.12567501335,-57499.99999999922,100354.12377806866
2017-07-10,-9512.317447094576,-36761.48796498912,-63974.102050256,43438.68939268414,54999.99999999949,-11809.218069656068
2017-07-11,899.1747210940205,0.0,0.0,18562.824849434055,22499.99999999974,41961.99957052781
2017-07-12,201197.4364136282,122763.94247632271,-24047.785276548606,55619.6440342771,87500.00000000035,443033.2376476798
2017-07-13,34053.74477409406,-95868.92103887079,26438.569206843622,-22165.66784336127,-52499.99999999977,-110042.27490129413
2017-07-14,137462.88815200125,-26272.00280234332,41104.389638590976,127024.58275096418,72499.99999999978,351819.85773921286
2017-07-17,-12972.704173358496,124517.71308312764,126670.27110527584,75819.33800750229,24999.99999999947,339034.61802254675
2017-07-18,-88981.7343913879,-1742.919389977615,-44237.6630310426,100989.61713173371,115000.00000000065,81027.30031932627
2017-07-19,107102.15145218527,132473.418162804,-10725.503715619534,1208.6052695214898,-12499.999999999734,217558.6711688915
2017-07-20,-46853.73658491698,-38095.23809523707,-4601.579875758155,43506.28424105607,4999.99999999945,-41044.270314856694
2017-07-21,-51353.93752851436,175225.53782095775,-52175.24744878354,114476.22107969124,84999.99999999952,271172.5739233506
2017-07-24,-108502.89178858219,91151.43176541274,30852.294639414078,-4783.544606551948,-54999.99999999949,-46282.70999030681
2017-07-25,163114.03665754898,-73617.53124464965,19992.310649750154,-26317.888188850946,-180000.00000000015,-96829.07212620162
2017-07-26,158017.49190201942,10310.16410344865,-2302.202440334078,-32355.99584565041,110000.0000000001,243669.4577194837
2017-07-27,137897.77628954503,142550.4508372688,66779.24470371632,127301.84147317857,-70000.00000000006,404529.3133037087
2017-07-28,54210.41403341431,-66507.50341064215,-28974.456728936282,104795.17307081743,52499.99999999977,116023.62696465307
2017-07-31,97495.17986689105,99238.60039353195,51999.694119446714,-21286.660359510766,-7499.999999999174,219946.81402035974
2017-08-01,116394.22743102923,131097.30143866295,38037.276530999974,71056.37138796638,102499.99999999981,459085.17678865837
2017-08-02,83373.09551300964,-21989.17456021299,9852.216748769128,-9429.514380008275,-27500.000000000302,34306.6233215572
2017-08-03,15674.792789315272,67733.46880027287,15142.337976983277,-47177.22912407629,84999.99999999952,136373.37044249463
2017-08-04,106003.78641702491,57379.1241245436,-63501.66313879635,-112399.43208708025,-97499.99999999926,-110018.18468430734
2017-08-07,40572.02320573494,-180058.8977702966,-73797.93061472962,-1192.0845585305929,24999.99999999947,-189476.8897378224
2017-08-08,-52345.51111697516,39055.86687043439,-6898.137502873158,-21459.22746781048,-64999.999999999505,-106647.00921722391
2017-08-09,-58065.667089570175,-77959.4949580531,-39883.41770210235,198185.29130849804,104999.99999999953,127276.71155877193
2017-08-10,-324923.9184169633,11909.825606122304,21561.68181117968,126080.12568735449,72499.99999999978,-92872.28531230705
2017-08-11,22928.48245354473,13603.128719608116,-28430.92054710117,46739.89249824762,57500.00000000033,112340.58312429962
2017-08-14,216789.3049420111,93457.94392523477,22347.229714108074,-40770.36576842386,-74999.9999999995,216824.1128129305
2017-08-15,8402.402323214319,-82875.26427061431,-31523.912040596348,-122644.44790531015,-117500.00000000038,-346141.2218933068
2017-08-16,41174.61756198204,-59442.93478260976,-75588.12186656438,37685.48323781151,100000.00000000009,43829.044150619506
2017-08-17,-435639.347701029,56213.26973852536,19429.54845729261,111598.40238076479,67500.00000000033,-180898.12712444586
2017-08-18,-122648.75707620027,-98522.16748768461,-20943.22060192333,-8162.313432836799,12499.999999999734,-237776.45859864526
2017-08-21,47216.75368901113,68282.69033799738,6995.724834824025,59500.66111845675,34999.999999999476,216995.82998028878
2017-08-22,316300.1785405706,95270.50017012595,18642.22463880738,-66237.9919429823,-87499.99999999924,276474.9114065223
2017-08-23,-140320.33950855228,-84659.66813410386,-57373.23616064605,44354.52493969705,110000.0000000001,-127998.71886360501
2017-08-24,-46036.39541189974,93521.5099472897,-15595.75795383683,-27930.793700056132,-57500.00000000033,-53541.43711850334
2017-08-25,48635.65834533734,-25387.15410002723,0.0,69957.24834823025,62499.999999999774,155705.75259354012
2017-08-28,-8455.706903052751,254194.20437214235,78881.59950015572,199613.15280464408,25000.00000000058,549233.24977389
2017-08-29,91430.36628087908,20080.32128513637,17047.655947306506,38940.215316481954,57499.99999999922,224998.55882980314
2017-08-30,43315.068530740406,10030.09027081614,0.0,-57116.746630112015,-17499.99999999918,-21271.587828554653
2017-08-31,89001.08393631977,-128654.97076023358,-4641.448131816883,92882.80712483887,54999.99999999949,103587.47216910767
2017-09-01,62925.72022180143,28588.245186242923,16252.6120269324,94590.48776781498,-90000.00000000007,112357.06520279164
2017-09-05,-372881.3019725685,-28547.43912678481,-13908.205841446365,166477.91619479048,217500.00000000047,-31359.030746008706
2017-09-06,87414.2831596647,52131.50592785265,90529.24791086436,-59363.7992831536,-95000.00000000064,75711.23771522747
2017-09-07,-36688.97689066919,6709.158000672844,6901.311249136732,125946.4727490811,117500.00000000038,220367.96510822186
2017-09-08,20902.20787173913,169349.42991281065,42145.59386973127,10036.428518327422,-0.0,242433.66017260848
2017-09-11,416799.13422415504,-18289.13459140491,70965.28042731753,-167161.9613670128,-160000.00000000015,142313.3186930547
2017-09-12,97570.56258293818,-98186.05425195636,-21215.33565691891,-33809.166040571494,-114999.99999999955,-170639.99336650813
2017-09-13,62218.39642730487,26758.090141316694,90356.87167805673,-51957.83132530052,-60000.00000000005,67375.52692137775
2017-09-14,71553.71063868653,-140292.27557411205,-62457.671758596734,14734.774066795797,-5000.000000000559,-121461.46262722701
2017-09-15,102240.72983154087,52140.27415692435,146145.69135241729,-48690.269494979235,-12499.999999999734,239336.42584590355
2017-09-18,99035.22220336192,25163.56316054402,131353.08605119577,-160178.7337170574,-67500.00000000033,27873.137698043996
2017-09-19,61830.11774926528,36860.18262544888,-42725.59852670388,-1148.2814054958324,-34999.999999999476,19816.42044251498
2017-09-20,65382.10524433707,56860.94155029853,-1479.6182584886353,66605.42030316962,-85000.00000000063,102368.84883931595
2017-09-21,-83328.16510720043,-201784.37421829454,-18497.965223824853,-244664.63414634208,-2499.999999999725,-550775.1386956617
2017-09-22,-15089.965083770474,124663.07277628097,66716.0859896221,31380.75313807498,40000.00000000004,247669.94682020758
2017-09-25,-83782.29757234734,-31809.81081533529,-53755.52282768869,156576.2004175353,104999.99999999953,92228.56920216352
2017-09-26,-18476.33374282176,-119057.60040245017,-21470.34870807696,-112488.52157943023,-22499.99999999974,-293992.80443277885
2017-09-27,88566.75904851619,-118083.67071524772,-22258.495325716554,-157286.04471858087,-200000.00000000017,-409061.45171102916
2017-09-28,63433.52561310911,-61089.42813507712,-36436.64485425302,24544.179523140476,-0.0,-9548.367853080556
2017-09-29,37359.480278087445,54468.08510638057,23136.05492947124,-46674.44574095736,-42499.99999999976,25789.174572982134
2017-10-02,238242.73859198496,42437.61670344792,-26805.658972449688,-103004.29184549264,-27500.000000000302,123370.40447749027
2017-10-03,130441.62499556644,-123655.4586262395,-88099.14887263015,-14143.160210576267,7500.000000000284,-87956.1427138792
2017-10-04,30870.072746399524,23862.28055224038,-26363.362458570184,25953.59811246478,10000.00000000001,64322.58895253451
2017-10-05,175682.34249595195,15321.756894790538,-6041.839740201782,-44751.511344900966,-50000.000000000044,90210.7483056397
2017-10-06,-2643.203914403092,-76550.1403419222,-90682.38494672421,20080.32128513748,-50000.000000000044,-199795.40791791206
2017-10-09,-19364.467826218366,51229.508196719566,-22115.457942498695,120320.85561497374,22499.99999999974,152570.438042976
2017-10-10,107040.22262573721,0.0,45857.53592173614,102980.1841160849,40000.00000000004,295877.9426635583
2017-10-11,64708.9793208111,124339.97615397985,50973.828362750326,-55788.005578799595,-0.0,184234.77825874166
2017-10-12,-48782.641808710614,84638.17181548983,21951.404132920514,87494.16705552959,55000.000000000604,200301.10119522992
2017-10-13,47057.90155514644,-55625.79013906665,18126.888217522286,95105.54395732007,107500.00000000038,212164.54359092252
2017-10-16,130440.56153187933,-30425.963488844853,18848.00965018085,-18440.26123703324,-67500.00000000033,32922.34645618177
2017-10-17,61715.48846188646,-32165.227695954978,-27090.0744977054,-195015.00115393588,22499.99999999974,-170054.81488571005
2017-10-18,243748.869439383,-38999.57609156291,-43763.67614879695,-36243.18004676385,-102499.99999999981,22242.437152259503
2017-10-19,8221.922824473982,39075.773020726956,13641.530882910758,82037.65919212569,44999.99999999948,187976.88592023688
2017-10-20,250211.1121856221,89868.58838491152,-46923.48444713557,-110731.21454658496,-149999.999999999,32425.001576814073
2017-10-23,-82021.53319762484,-158676.56988521438,29655.539502699834,3522.780648190782,12499.999999999734,-195019.78293194887
2017-10-24,252342.10250425938,8507.742045260613,12888.55193328331,-31697.58159192404,-75000.00000000063,167040.81489087868
2017-10-25,-167670.85747827537,0.0,-56788.06693420246,4705.882352942225,-94999.99999999953,-314753.04205953516
2017-10-26,107117.78155173657,105451.14380474451,108132.80536094983,-107025.24698134042,-20000.00000000002,193676.4837360905
2017-10-27,49850.731981638804,-311310.37983250123,-108482.74822962134,26060.175313905587,60000.00000000005,-283882.2207665781
2017-10-30,-127623.357154647,-54996.99235197886,3046.4584920020243,66219.94481671223,144999.99999999956,31646.05380208796
2017-10-31,42721.79141144195,82722.96423954994,59387.848332572714,-83588.41535201222,-14999.999999999458,86244.18863155291
2017-11-01,86492.24630452368,-1716.2962327299524,60551.0142294885,84056.82715074913,-0.0,229383.79145203138
2017-11-02,121346.22515629024,-39478.20116718015,-27836.292506771,9418.412997411751,72499.99999999978,135950.1444797506
2017-11-03,34127.45053848254,56754.6650614803,-152395.3225198038,-98831.28088477689,10000.00000000001,-150344.48780461785
2017-11-06,13723.921681249029,-80603.67003944302,20684.90002298473,152783.26095539142,57500.00000000033,164088.4126201825
2017-11-07,13094.2967723513,-3443.822643134364,72629.96941895805,-66828.20071908791,32499.999999999753,47952.24282908683
2017-11-08,9107.607303574516,-20666.49444588009,-2277.039848197493,93036.03674334582,-45000.0000000006,34200.10975284215
2017-11-09,-150644.89953894867,-6895.957245063311,-44791.98299423004,46816.479400747514,-14999.999999999458,-170516.36037749393
2017-11-10,-59268.32989940178,86229.19720617794,23640.661938535424,-154013.69010578535,-172499.99999999988,-275912.16086047364
2017-11-13,26135.450070683408,24040.52545719626,-18259.28180158254,57764.85381955298,-0.0,89681.5475458501
2017-11-14,-45139.22959764716,6860.475087901996,2286.5853658537994,49322.79026070519,47500.00000000032,60830.62111681414
2017-11-15,-206610.8288654167,219459.92284611915,26670.73077802451,-58525.16582130374,114999.99999999955,95994.65893742278
2017-11-16,281368.27883984084,0.0,0.0,10575.793184490756,-65000.00000000061,226944.072024331
2017-11-17,-149379.58152232255,-27134.740948020484,31919.744642041613,216063.87975575126,17500.000000000295,88969.30192745014
2017-11-20,108019.69668947419,-76420.14095270433,2272.727272727426,-245408.24201265632,-44999.99999999948,-256535.9590031585
2017-11-21,239753.34534340975,15342.652574155125,31810.952056350317,76494.58653695374,22499.99999999974,385901.5365108687
2017-11-22,-95916.50654088956,-6813.729665273716,755.0018875046583,122941.22238700966,102499.99999999981,123465.98806835085
2017-11-24,47323.87493422307,199369.51520831414,46051.63823040881,0.0,-0.0,292745.028372946
2017-11-27,33859.00070421832,121477.98211574301,12775.231081385564,25549.70579126681,-14999.999999999458,178661.91969261426
2017-11-28,379866.56929923425,-35217.17256414814,-1501.0507355150971,10434.379347660228,-25000.00000000058,328582.7253472307
2017-11-29,152661.58794565164,-95758.08483829995,32277.435820446954,-145979.7636518134,-94999.99999999953,-151798.8247240143
2017-11-30,484883.88800986495,6752.194463199857,38907.594463148955,-104126.04321035578,-102499.99999999981,323917.6337258581
2017-12-01,-58774.69631081878,77624.02969962779,84221.51002459577,65975.49481621057,137499.9999999993,306546.33822961466
2017-12-04,84439.36200636881,-63876.2817280214,-26607.53880266098,-52783.85986862644,-42499.99999999976,-101328.31839293976
2017-12-05,-157650.97231170756,13490.725126477088,-14080.331999407614,-149493.83975516094,57500.00000000033,-250234.41893979875
2017-12-06,-57506.74920101284,-58982.13683855902,-44526.90166975914,14267.596702601804,64999.999999999505,-81748.1910067297
2017-12-07,102313.87300644546,-49015.46522437572,-17144.986954901186,-154418.751979728,-114999.99999999955,-233265.331152559
2017-12-08,170117.64667009155,-54218.90884445668,68697.72998805424,-55208.83341334437,-17500.000000000295,111887.63440034442
2017-12-11,81813.34661779838,-3397.893306149591,-68229.01216256394,-18069.38644394518,-4999.99999999945,-12882.945294859786
2017-12-12,170464.4011345835,13593.88275275819,-32108.72162485057,-62716.089089008834,-45000.0000000006,44233.47317348169
2017-12-13,115163.15170905122,-59432.84088979484,-22473.593527604364,83568.8332660478,134999.99999999956,251825.5505576994
2017-12-14,-109290.33984762637,158392.2336711252,68323.4477062844,101172.31411594486,7500.000000000284,226097.65564572837
2017-12-15,204327.77638598077,-103075.36329841049,17151.379567486023,5981.815281544956,-22499.99999999974,101885.60793660153
2017-12-18,199422.0286275905,-52653.92781316214,-86354.5001116639,94475.00597943303,-92499.99999999981,62388.60668219767
2017-12-19,-52869.450875679955,68119.8910081715,48058.87211834392,-17826.018063698546,-177500.00000000044,-132016.7058128635
2017-12-20,-39729.74883607982,96741.34419551895,4483.96980793575,64250.01983025202,-84999.99999999952,40745.584997627375
2017-12-21,78757.13046449961,62494.72172958459,-11204.900276388096,14216.886501856596,40000.00000000004,184263.83841955272
2017-12-22,-39869.19691440827,-35359.488129314,5982.650314089177,95873.11607354376,-10000.00000000001,16627.08134391065
2017-12-26,-11099.189385502807,26988.276967192527,-2989.5366218246622,102320.84052061995,44999.99999999948,160220.39148048448
2017-12-27,39729.31612558295,-25267.4134591091,-747.6076555024135,33875.86636554807,132499.99999999985,180090.16137651936
2017-12-28,89300.20222569612,72524.87771968408,21682.24299065491,82750.58275058033,-44999.99999999948,221257.90568661602
2017-12-29,-166689.41451860042,68901.77296025702,27603.700387943685,141411.0192411733,67500.00000000033,138727.07807077392
2018-01-02,148372.40009999642,117233.29425556982,52079.45837363281,84972.82400673823,-150000.00000000015,252657.97673593715
2018-01-03,139117.3303587978,84915.0849150826,62911.701576493506,28545.329984013268,44999.99999999948,360489.4468343867
2018-01-04,214092.14418353527,-87872.00530547823,-62518.38776110574,36468.62179000232,-14999.999999999458,85170.37290695416
2018-01-05,308110.06762476946,98251.45711906736,31085.781955444425,10231.923601635717,-57500.00000000033,390179.23030091665
2018-01-08,-17807.254702052465,-53028.41991880136,16970.41245480646,-19313.792319927692,-10000.00000000001,-83179.05448597508
2018-01-09,142309.06142466803,-111323.41945667479,-3682.9699469653756,-78492.34036098662,-164999.9999999996,-216189.66833995836
2018-01-10,-22983.32138439385,-68504.5948203844,-28737.749613145792,65182.58748189343,-10000.00000000001,-65043.07833603061
2018-01-11,283651.8240869879,45267.83468857154,-14040.792196275965,36435.403066643616,47499.99999999921,398814.26964592625
2018-01-12,312656.28219731,143860.82301772962,21460.81551098966,145388.4597910049,-52499.99999999977,570866.3805170344
2018-01-16,-14011.833420592424,375352.9314067405,189041.50051690883,22498.875056246037,20000.00000000002,592881.473559303
2018-01-17,438014.628854656,4890.772742096594,724.7427163359355,29204.732664368516,-84999.99999999952,387834.8769774575
2018-01-18,-131124.44070892292,-141797.73449596754,21016.01565331013,-134529.14798206318,-82500.0000000009,-468935.3075336444
2018-01-19,72521.47663465935,86999.34340118176,48452.4153890642,66742.08144796356,-64999.999999999505,209715.31687286936
2018-01-22,191809.36278849092,29418.975239030588,-2159.0500179913265,-11262.106764772794,-70000.00000000006,137807.18124475732
2018-01-23,-5060.157316909564,1631.986944103936,66945.00431903228,54098.73018258349,102499.99999999981,220115.56412880996
2018-01-24,55162.35476889175,88120.1044386426,22881.65892027072,226847.3459609188,-74999.9999999995,318011.46408872434
2018-01-25,187544.8535204016,131600.3249390718,145537.56153242502,71907.95781399916,82499.9999999998,619090.6978058973
2018-01-26,296944.73377009033,1614.0747316617521,-49926.16552984996,-118907.80974750659,-102499.99999999981,27224.833224395727
2018-01-29,-233050.96685503234,58102.00129115373,-706.7137809191327,0.0,-92499.99999999981,-268155.67934479757
2018-01-30,-479988.6382031732,-75635.66140971867,-50886.98847975137,-179786.9192068635,-67500.00000000033,-853798.2072995071
2018-01-31,97308.38301653111,46845.97366933385,56119.91191305066,40437.32215066487,14999.999999999458,255711.59074957995
2018-02-01,49951.45202240203,14504.431909747595,31788.640858998464,59372.666168781005,-132499.99999999985,23117.190959929227
2018-02-02,-889812.0458812874,146549.64167807094,46475.600309838774,-118277.17027449058,-202499.9999999999,-1017563.9741678683
2018-02-05,-1611708.5720913326,-100719.42446043147,-109343.23964393423,-7872.83497038438,150000.00000000015,-1679644.0711660825
2018-02-06,815160.7570109754,-126938.21804451,-118347.38856211446,-77644.41110277742,65000.00000000061,557230.7393015742
2018-02-07,-27283.19652933464,21021.992238035025,10757.314974181309,-164014.78018248983,-190000.00000000017,-349518.66949960834
2018-02-08,-1452241.261220364,-182537.75947015826,-57310.69560856783,60612.99176578383,-17500.000000000295,-1648976.7245333064
2018-02-09,484709.85052258,-11411.803064882431,40348.728294545836,-43283.46875237476,54999.99999999949,525363.3069998681
2018-02-12,593733.5940374278,-13049.506565532276,-77502.69106566177,126799.1775188515,-70000.00000000006,559980.5739250851
2018-02-13,55741.0247519774,83244.91961152258,18080.567006582005,44177.61667421694,42500.00000000087,243744.1280442998
2018-02-14,359425.25400307623,81274.38231469775,25267.10944267929,309464.6487463315,-182499.99999999988,592931.3945067849
2018-02-15,431470.2357925637,182936.70066375166,92892.63339814058,-37624.49280708402,54999.99999999949,724675.0770473714
2018-02-16,26402.390123642093,59356.701692467876,62785.388127855054,12203.239405370603,35000.00000000059,195747.71934933623
2018-02-20,-353381.0109526908,-167946.2571976953,-78701.0777084518,-270469.9970440455,-40000.00000000004,-910498.3429028833
2018-02-21,-234088.06417048068,-103234.13178482177,5717.144286427889,13546.056592415034,-125000.00000000067,-443058.9950764602
2018-02-22,232460.32507748593,-85934.33319821875,-64995.3574744655,6766.917293230535,65000.00000000061,153297.55169803282
2018-02-23,487245.2576827313,73277.96775769447,30913.012221422952,-27055.463700584314,114999.99999999955,679380.7739612639
2018-02-26,552145.6152294002,-64898.19096292759,10750.376263168882,28233.699744013575,30000.000000000025,556231.500273655
2018-02-27,-407378.35029933054,47204.36233417669,-1431.844215349365,-171338.3933268209,-122499.99999999983,-655444.2255073239
2018-02-28,-524558.6093365473,-139655.73238064133,-42961.47787483884,0.0,100000.00000000009,-607175.8195920275
2018-03-01,-587621.6579035693,-63777.59607522515,-109305.335826263,-143671.6077537048,160000.00000000015,-744376.1975587622
2018-03-02,-100865.61897323321,131244.36059388067,15268.285589646879,209532.58116509276,-132500.00000000096,122679.60837538613
2018-03-05,480253.94020553946,71713.79675658063,14519.056261343976,-34062.52365453,-59999.999999998945,472424.26956893515
2018-03-06,13169.976313338604,35728.78603329333,41319.31859369331,176390.258705712,10000.00000000001,276608.33964603726
2018-03-07,-116403.55375235001,129691.17289454602,34652.035807103406,-85482.90341931442,-15000.000000000568,-52543.24847001557
2018-03-08,132442.3338074987,-3221.3900297972664,4316.546762590523,-69004.52488687758,42499.99999999976,107032.96565341414
2018-03-09,619338.0172330342,-173983.0849778512,-71911.40514885675,28411.243276006415,-70000.00000000006,331854.7703823327
2018-03-12,-217066.8786465313,3250.182822784886,35491.81515283051,-34029.038112522445,60000.00000000005,-152353.9187834383
2018-03-13,-238508.00342036682,50369.64822487278,38253.33814507559,73897.22601182203,55000.000000000604,-20987.791038595817
2018-03-14,-348376.03665849316,84278.76823339009,46016.68104687873,-16969.605550947177,77499.99999999924,-157550.19292917225
2018-03-15,163336.31148084172,-25823.111684959433,0.0,-86076.71398369265,-22499.99999999974,28936.485812189883
2018-03-16,102508.03460367108,-108274.07886231378,-23618.665903235582,-62651.88335358385,-54999.99999999949,-147036.5935154616
2018-03-19,-470847.42515085265,-45495.16613860049,2869.6463160926555,62914.66483642094,7499.999999999174,-443058.2801369404
2018-03-20,165479.45606237403,91197.7851966439,58810.87283941655,-64930.133657351565,-84999.99999999952,165557.98044108337
2018-03-21,-63638.242313041046,-137796.8712004529,-14260.249554367554,109831.43924948701,-70000.00000000006,-175863.92381837458
2018-03-22,-1027241.777613202,156709.10871694144,100678.32916815345,67009.91898235475,187500.00000000044,-515344.4207457518
2018-03-23,-620428.1762709473,-37252.99643666968,-21914.32206984367,256671.18950701173,4999.99999999945,-417924.3052704495
2018-03-26,995572.2128737265,47058.82352941338,23379.383634432037,56696.06462610499,-32499.999999999753,1090206.484663677
2018-03-27,-498754.2660705852,166747.6121094369,64320.04523607482,-145082.69344359337,142499.99999999985,-270269.30216866697
2018-03-28,-13628.717928085844,-78670.62695673387,-44244.68010393978,-191232.38649071616,27500.000000000302,-300276.4114794754
2018-03-29,373783.6720420085,-157962.60477111134,-67720.09029345383,-15858.631626644026,84999.99999999952,217242.3453507988
2018-04-02,-666395.3323865712,6498.78147847005,-29829.54545454497,218853.94617478183,22499.99999999974,-448372.1501878645
2018-04-03,576080.212517327,-34107.51989605387,6411.169682292161,-103941.5840846436,-129999.99999999901,314442.27821892273
2018-04-04,336320.01517889695,-22777.190270886204,15661.707126075618,33763.50540216122,-10000.00000000001,352968.0374362476
2018-04-05,347514.66145736875,13030.377066534093,13504.868860616525,-129136.09821829597,-110000.0000000001,134913.80916622328
2018-04-06,-817625.7956468102,-56970.782127450104,-56076.093128903936,86083.21377331585,142499.99999999985,-702089.4571298484
2018-04-09,67769.03290719228,31015.344433562575,59247.62652580462,49553.26976499696,-27500.000000000302,180085.27363155613
2018-04-10,626024.3295202894,83122.80987694542,32642.634118649206,63982.63862905207,-27500.000000000302,778272.4121449358
2018-04-11,-313391.1012782703,66547.63837039557,31121.799405855465,162071.5350223545,17500.000000000295,-36150.12847966445
2018-04-12,424813.2967057949,14559.572919194963,4935.8341559724295,-200147.43826022698,-110000.0000000001,134161.26552073518
2018-04-13,-175707.27503313398,-67895.24733268548,34533.79378391741,71727.43574416995,12499.999999999734,-124841.29283773236
2018-04-16,305889.0466146757,4866.180048659352,6321.112515803584,30116.00237953549,-7499.999999999174,339692.34155867493
2018-04-17,304221.6184892088,84326.60342171161,66680.70470976284,-3339.5176252321025,44999.99999999948,496889.4089954506
2018-04-18,-54448.70884021125,-19378.280177633213,-31376.377074326945,44536.817102138746,-132499.99999999985,-193166.54899003252
2018-04-19,-117637.45617335009,9698.537137312613,-65048.61159683739,-48845.470692719384,-117500.00000000038,-339333.0013255946
2018-04-20,-286571.31655563996,-53316.09984651653,-83075.19008729946,-112488.86248886092,-92499.99999999981,-627951.4689783166
2018-04-23,-20387.98280173837,-118256.92531993947,-59633.67883004556,-159347.64719084394,-54999.99999999949,-412626.23414256686
2018-04-24,-607787.1656927192,-104293.97865232559,-45707.75603485178,100945.17958412207,-25000.00000000058,-681843.7207957751
2018-04-25,86975.05383129856,52420.34564665321,40177.9308365624,-114916.6291122139,-102499.99999999981,-37843.298797699535
2018-04-26,346616.3811985046,-112735.88759088238,-39302.55823924589,-55631.2443233431,84999.99999999952,223946.69104503276
2018-04-27,-16044.920020033549,-101873.15149523535,-14348.231580457727,45582.314062144746,82500.0000000009,-4183.989033580961
2018-04-30,-213128.19323117737,21469.859620144583,-106329.4776923629,-46580.3226539413,52499.99999999977,-292068.1339573372
2018-05-01,-92847.99374254138,-69289.77975748651,726.163677293723,-141315.90943625648,-100000.00000000009,-402727.51925899077
2018-05-02,-252808.72067571126,-147338.7964572459,-118356.08480975867,-13805.798435344019,30000.000000000025,-502309.4003780598
2018-05-03,7563.2247132517705,-68378.91927951922,-25718.274671173713,93274.9884845696,44999.99999999948,51741.01924712792
2018-05-04,486106.4389483505,63593.00476947549,-1473.4050390452503,22888.532845044552,5000.000000000559,576114.5715238258
2018-05-07,136768.61956986252,-56718.65877054039,-29472.443265546877,-5713.415098650976,-15000.000000000568,29864.10243512372
2018-05-08,4152.755721893442,-35131.74404015107,28081.58439255193,-2286.236854138757,-47499.99999999921,-52683.64077984366
2018-05-09,261966.1324758693,-110608.34590246316,-12527.634487841111,-8003.048780488853,-87500.00000000035,43327.10330507583
2018-05-10,280926.5055695109,-35389.28210313541,-5902.752158193359,108670.78471745618,82499.9999999998,430805.2560256381
2018-05-11,129646.76370165074,119861.5683295312,-16242.155777039801,-20442.15626892776,-0.0,212824.0199852144
2018-05-14,96185.56032599756,57056.55311293967,22923.907416991795,-28430.629264594165,-60000.00000000005,87735.3915913348
2018-05-15,-271291.5687560458,-35140.56224899642,5902.316659289752,-314470.1860995053,-212499.9999999999,-827500.0004452575
2018-05-16,88568.10843825946,-184393.5965132859,-45715.971095708905,15129.179920861934,-37500.00000000031,-163912.27924987374
2018-05-17,-77647.6819951466,-6767.61695288075,35555.555555555344,-23252.208959850806,-34999.999999999476,-107111.95235232229
2018-05-18,1571.9847632833516,-37234.49268003609,-24357.83879539466,23288.309268746365,104999.99999999953,68267.9625565985
2018-05-21,422292.6155640183,-47477.74480712064,-28116.90714021431,0.0,5000.000000000559,351697.96361668396
2018-05-22,-250298.9410829215,42491.71411574437,-33390.22037545436,17439.156719887273,-0.0,-223758.29062274419
2018-05-23,73849.14721147106,-5088.195386702132,6700.416914831031,-27870.248509716534,154999.9999999996,202591.120229883
2018-05-24,-105547.87857504077,-134023.24200525894,-52079.45837363393,167532.76972000574,55000.000000000604,-69117.80923392726
2018-05-25,-82761.1584184268,22203.245089662538,8974.646623289838,-4602.285801949546,124999.99999999955,68814.44749257558
2018-05-29,-553765.2066873261,-163780.60223491976,-50063.51341253934,-52942.5304995007,407500.00000000064,-413051.8528342853
2018-05-30,440103.1137309108,-151371.80700094844,-46560.52868729388,32340.032340031354,-185000.00000000073,89510.8103826991
2018-05-31,-357466.298142759,221856.31337204637,22634.67632412919,-16135.228582406791,50000.000000000044,-79110.5370289902
2018-06-01,314465.9368672154,44570.15513842144,3763.9265281530497,-61149.142373662646,-182499.99999999988,119150.87616012734
2018-06-04,253572.02150905423,-41050.200974941385,50417.63864850557,-19694.161260427336,-104999.99999999953,138245.29792219156
2018-06-05,-19338.115370988173,54846.17362241817,-29949.08655286066,51040.13610703229,44999.99999999948,101599.10780560112
2018-06-06,488885.4749076421,42731.39047945129,67587.86422349061,-4624.277456648507,-140000.00000000012,454580.45215393533
2018-06-07,132253.57596060805,100631.07624083135,11934.954497987426,18502.813969625277,105000.00000000065,368322.42066905275
2018-06-08,104162.16843670778,16970.725498515192,-2235.1363433170677,-6930.0069300093355,-10000.00000000001,101967.75066189657
2018-06-11,7990.82654692862,-18651.971174228343,-3726.06006408982,9244.280101688984,-50000.000000000044,-55142.924589700604
2018-06-12,-2183.8449967648276,-16972.16564833459,-29819.591471597072,-43883.28585726631,-0.0,-92858.8879739628
2018-06-13,-165222.32968796403,-44165.10956344321,-747.7194556604338,20847.810979848226,-50000.000000000044,-239287.34772721946
2018-06-14,-35956.6211132778,102145.04596527174,7477.75368279413,82118.89891278968,77499.99999999924,233285.077447577
2018-06-15,-117934.99265749074,-408197.83197832084,-94149.29388029569,-338190.1840490803,55000.000000000604,-903472.3025651871
2018-06-18,-143693.94288191895,50142.647185960064,13577.732518668117,18829.436686021993,-5000.000000000559,-66144.12649126934
2018-06-19,-402365.6656716379,60365.64332528638,-12052.730696797687,-7052.186177716746,82500.0000000009,-278604.939220865
2018-06-20,-60094.63077439436,-72220.78927005437,-64861.60343917469,-51740.3574788311,-87500.00000000035,-336417.3809624549
2018-06-21,-278350.0555605095,-17257.744412806365,1518.257040917792,-47199.496538703475,77500.00000000035,-263789.03947110113
2018-06-22,170538.0247488919,46636.15165386048,55407.96963946937,2367.42424242431,-7500.000000000284,267449.5702846458
2018-06-25,-467157.6171570668,94778.56281233432,10567.632850242426,-21303.455893958988,62499.999999999774,-320614.87738844927
2018-06-26,43741.341205967285,72034.98842294654,12064.545317449492,-106668.77370417216,-12499.999999999734,8672.101242191424
2018-06-27,-238569.1124407041,-90575.06622233368,-42928.15183009502,-45360.4965780674,132499.99999999985,-284932.82707120036
2018-06-28,142887.41122143844,-147639.48497853897,-76393.61621662455,-59865.90038314254,-50000.000000000044,-191011.59035686764
2018-06-29,80013.04919670882,-1729.5053614674316,-34298.78048780477,42074.050328577694,-5000.000000000559,81058.81367601376
2018-07-02,51581.26371726968,200639.97232552033,101720.84130019021,-137856.6291057298,-42499.99999999976,173585.44823725062
2018-07-03,-190585.66234338935,-63361.58917715551,-48455.481526347154,0.0,-0.0,-302402.73304689204
2018-07-05,263381.4853637029,34358.3576705031,64668.28971393834,211727.69801580894,65000.00000000061,639135.8307639539
2018-07-06,143323.77814107676,58309.0379008766,-2267.7451054498033,-35790.98067287123,22499.99999999974,186074.09026363207
2018-07-09,458113.7596252605,95759.23392612928,54438.227733253356,45443.67376225766,-72499.99999999978,581254.8950469011
2018-07-10,202104.08292666738,8509.189925116623,-31583.696796512184,-51267.78475478821,-32500.000000000862,95261.79130048277
2018-07-11,-307883.4141396797,-51033.42689461332,754.3753771899197,-131599.9361939707,77500.00000000035,-412262.4018510735
2018-07-12,318026.5946571803,-85273.30092948038,-35452.96824319366,26552.944962987545,-27500.000000000302,196353.27044749353
2018-07-13,132726.76429063713,-18840.45559646941,-22710.06813020393,-65060.24096385676,55000.000000000604,81115.99960010764
2018-07-16,62881.179052581836,22286.987827873083,36418.816388466,-18151.016456920966,-67500.00000000033,35935.966811999635
2018-07-17,77542.37491002902,51374.261494991915,6047.7774417910805,-150230.19142233863,-14999.999999999458,-30265.777575526077
2018-07-18,110629.46533603735,-95652.91655991181,-98216.9839830771,7342.7429224093285,-27500.000000000302,-103397.69228454253
2018-07-19,-187213.60800244892,-12014.073629107446,-21364.260643979003,-47704.47688167478,70000.00000000006,-198296.4191572101
2018-07-20,-8909.01474196848,15455.950540954611,-42055.360146812105,87123.6910994766,-120000.0000000001,-68384.73324834948
2018-07-23,-19317.09162538653,149292.1492921484,95216.1560316367,-67100.44733631625,-174999.9999999996,-16909.233637917292
2018-07-24,276220.6475008855,-81757.79253960069,-33467.71126492731,-1225.4901960767618,40000.00000000004,199769.65350028072
2018-07-25,238713.82310551414,-13682.230203522216,37396.01617950061,91919.27445052816,32499.999999999753,386846.88353202044
2018-07-26,155580.95702779552,88995.37908608312,36496.350364965125,-74305.66834497554,-97500.00000000036,109267.0181338679
2018-07-27,-104216.81767629199,-161867.43908672695,-68939.39393939452,-33053.12984575259,37500.00000000031,-330576.7805481658
2018-07-30,-198343.4088796304,29202.095679807804,2288.5040811648773,-15949.615573367382,-37500.00000000031,-220302.42469202547
2018-07-31,149864.68079960736,80617.49571183886,17541.183648566162,29476.787030213723,27500.000000000302,305000.1471902264
2018-08-01,-112057.00213140158,-29042.453233107946,-9897.221164825165,-71095.85682765262,-97500.00000000036,-319592.53335698764
2018-08-02,-10582.691437769909,-41060.735671514245,3048.315805516122,-89908.85951227823,42499.99999999976,-96003.9708160465
2018-08-03,188528.3833001139,-137150.69432538972,-82279.44537558929,44605.98050553654,82500.0000000009,96204.22410467234
2018-08-06,54432.81866959304,-41429.311237703994,-10754.340144415453,-69181.35397792901,37499.9999999992,-29432.18669045622
2018-08-07,173928.26809316088,-6919.218128351723,-45370.65518302019,12411.054112196894,-87499.99999999924,46549.44889398661
2018-08-08,-61672.540892295794,77868.14327738866,1544.9980687520792,37202.38095238248,4999.99999999945,59942.98140622688
2018-08-09,-101947.52528460526,13789.537188655388,-50204.680620993255,-8659.079663531078,90000.00000000007,-57021.74838047412
2018-08-10,-269045.7532430429,-149857.89337696787,-41918.95668374524,-9901.807079794045,194999.99999999962,-275724.41038355045
2018-08-13,-173443.5158972758,-223880.59701492713,-53788.58746492021,-245231.6076294264,-49999.99999999894,-746344.3080065484
2018-08-14,155937.2233272549,14041.246160600984,3135.041931185967,21405.187610175068,-45000.0000000006,149518.6990292163
2018-08-15,-190231.8268200026,-99973.69113391219,-35258.16814228588,-194886.83989941358,107500.00000000038,-412850.5259956139
2018-08-16,551266.7506808767,-3525.471531817814,-18870.891649630517,-16560.509554138793,-47500.00000000032,464809.87794528925
2018-08-17,151441.4057349467,47602.25669957485,16543.248778950747,3825.8799523893663,-5000.000000000559,214412.7911658611
2018-08-20,121855.58479928416,117843.63732301183,25167.125442389082,131321.71695707683,125000.00000000067,521188.06452176266
2018-08-21,86417.43815388181,92673.54432593411,44716.40385973252,73306.37007077811,-52499.99999999977,244613.7564103268
2018-08-22,-120212.0338668683,149682.36010791003,79662.60543580183,46536.978031191946,52499.99999999977,208169.9097080353
2018-08-23,-104210.05999937838,13820.506176038805,-774.8334108170774,-116609.54610047625,4999.99999999945,-202773.93333463345
2018-08-24,181936.8452561454,-72507.55287009136,-72839.98450213103,243892.16512215594,-12499.999999999734,267981.47300607926
2018-08-27,351881.61463493464,183661.09330330006,39028.95948794116,33573.73787615137,-54999.99999999949,553145.4053023276
2018-08-28,19320.804433383688,60090.994935189105,27991.60251924393,-19851.11662530903,-90000.00000000007,-2447.7147374923807
2018-08-29,81309.40660726505,11982.197877435929,-22485.84942234677,-36027.828391587136,-0.0,34777.92667076707
2018-08-30,-184414.5185930357,32503.635274996333,130556.41902393723,-84682.44084682385,60000.00000000005,-46036.905140925934
2018-08-31,-29764.97407156997,-76857.38684884536,-19177.661859467455,32562.411288300507,17499.99999999918,-75737.61149158308
2018-09-04,-16634.0456047831,-85726.5323617673,-109138.42133579266,-94976.25593601455,-122499.99999999983,-428975.2552383574
2018-09-05,30357.407076316846,-48213.51700387222,-8547.672701840758,27668.315586485416,-0.0,1264.5329570892827
2018-09-06,28134.7557785383,82851.47147665484,44330.37797480166,37660.05523474836,57500.00000000033,250476.66046474347
2018-09-07,-106807.35055221879,-25784.271594329057,7742.934572201321,-53844.227397948365,-157500.0000000004,-336192.9149722953
2018-09-10,-80313.57580911946,-101549.0533562824,3868.471953578645,-7540.21447721076,12500.000000000844,-173034.37168903314
2018-09-11,154296.29111110012,60548.395467519,74245.9396751749,30176.02682313769,-100000.00000000009,219266.65307693163
2018-09-12,37545.63733632144,0.0,-7676.9537847376505,116697.33980257613,34999.999999999476,181566.02335415938
2018-09-13,197987.07023215512,56916.17799241211,22280.270436385585,-33618.32821449306,-0.0,243565.19044645975
2018-09-14,11619.372607423184,108349.81511737674,50594.09735530762,-87354.40931780358,-77500.00000000035,5708.875762303607
2018-09-17,-123849.77520266849,-107765.99384194174,-28983.296468614306,58995.815899580695,-17499.99999999918,-219103.24961364304
2018-09-18,248229.9981735958,68793.53340786044,55840.28149621334,-36259.06476619201,-117500.00000000038,219104.74831147722
2018-09-19,211757.85690990655,18853.372182703333,16735.128556215615,67680.48128342419,-87500.00000000035,227526.83893224935
2018-09-20,332984.16709081514,-8561.643835616194,-20504.25273389944,49908.501081349365,12500.000000000844,366326.7716026497
2018-09-21,113598.7647512926,173019.27194860677,98927.02229662875,-124357.486320677,24999.99999999947,286187.5726758506
2018-09-24,-237468.91768093192,-42459.23913043459,-143922.8392736036,38873.0981441221,-24999.99999999947,-409977.89794084744
2018-09-25,-92026.02961744466,3403.965619948046,28287.46177370167,8755.107145836937,-60000.00000000005,-111579.49507795804
2018-09-26,-141269.8298858417,17016.93184718689,48029.274986658434,-75000.00000000007,102499.99999999981,-48723.62305199665
2018-09-27,72493.07189463594,-23803.451500465922,-5311.077389985597,-146984.92462311697,12499.999999999734,-91106.3816189328
2018-09-28,24330.62417336429,-190654.52378925984,-71358.08092309958,116721.64425272857,-0.0,-120960.33628626655
2018-10-01,255175.0281858467,-54996.99235197886,-30583.377934092492,-55392.36256819291,-60000.00000000005,54202.295331582405
2018-10-02,161176.54695603112,-46531.66738475045,3834.649896463649,193328.278999243,60000.00000000005,371807.8084669874
2018-10-03,71179.28851711919,-44912.76558991064,-47531.43207605004,-51147.704590819296,-262499.99999999994,-334912.6137396607
2018-10-04,-262104.8076310206,-131578.94736842258,-31582.19072561974,-13769.506801301068,-90000.00000000007,-529035.4525263641
2018-10-05,-237162.88586077382,73196.23562216826,64137.23823506689,50116.93952556073,-70000.00000000006,-119712.47247797801
2018-10-08,52578.64298664927,8682.06285813855,79084.76658476715,-209790.20979020934,-20000.00000000002,-89444.73736065438
2018-10-09,-74276.6768931502,-50334.1143799374,-25900.81511388842,35460.9929077998,62499.999999999774,-52550.61347917644
2018-10-10,-1101529.4032629607,22620.49765095142,48881.08149393,26533.018867923587,-42499.99999999976,-1045994.8052501555
2018-10-11,-746398.0649047574,45189.884418177506,38002.58417572256,431346.17001597484,230000.0000000002,-1859.426294882287
2018-10-12,401176.23438150284,98846.78747940967,20443.704096311245,-66203.51450756069,-20000.00000000002,434263.21144966304
2018-10-15,-123535.9603535796,-67299.39603106194,-98231.82711198309,102208.35727772993,-54999.99999999949,-241858.82621889422
2018-10-16,759407.2208328084,55406.45831529911,38919.41391941378,11007.827788649394,17499.99999999918,882240.9208561699
2018-10-17,-124461.11040908481,-13813.347146682809,24325.351577347832,-43999.022243949024,-57499.99999999922,-215448.12822236802
2018-10-18,-445528.1662198296,-127861.77105831742,-62940.775005687625,34322.13777886828,10000.00000000001,-592008.5745049663
2018-10-19,89487.75485678184,-71298.14798713107,-61050.06105006083,-14675.907052589255,-57500.00000000033,-115036.36123299964
2018-10-22,-174598.75162806394,85514.8342059353,31480.343980343496,-50191.78976576999,4999.99999999945,-102795.36320755568
2018-10-23,-174160.78500920918,-71248.58806151657,-75774.97129735988,149852.60399607127,75000.00000000063,-96331.74037201372
2018-10-24,-844745.6138853604,8719.916288804086,11568.718186025784,-68104.42678774286,104999.99999999953,-787561.406198274
2018-10-25,571098.3256194635,-128998.51826026377,-71643.17078807602,15882.065482976104,-30000.000000000025,356338.70205409976
2018-10-26,-414992.46534357936,-36845.33731028949,-48882.68156424513,41493.77593360981,147500.0000000004,-311726.7082845038
2018-10-29,-347883.2694502021,36913.34153629988,4678.362573098393,-97363.0831643002,-25000.00000000058,-428654.6485051046
2018-10-30,618183.0976004521,-40354.417054127014,-22601.511963212804,-23274.80604328358,-57499.99999999922,474452.3625398295
2018-10-31,339269.2316351098,-52742.61603375408,-72644.89923449524,-126370.03108130208,-122499.99999999983,-34988.31471444141
2018-11-01,369262.16845519,-51119.337211353864,47210.63813045934,293244.2464736473,37499.9999999992,696097.7158479419
2018-11-02,-151565.71479003233,151983.7412741909,184039.47059284276,-61893.20388349462,-174999.9999999996,-52435.706806492904
2018-11-05,264354.1981011332,-8769.622029294322,1537.988311288707,-13404.825737267645,32499.999999999753,276217.7386458597
2018-11-06,238234.2891480116,26320.407088964435,39981.54697831824,-73182.63132216563,-32499.999999999753,198853.6118931289
2018-11-07,744495.51609303,45562.078331724544,42119.773319035936,29416.571335186825,2499.999999999725,864093.939078977
2018-11-08,14598.763192170683,-8742.02290409798,12201.63196827606,-40368.61849616602,-52499.99999999977,-74810.24623981702
2018-11-09,-269830.882257493,-115445.16354731415,-47223.70325234149,-202387.7667838736,112499.99999999983,-522387.5158410223
2018-11-12,-810879.8620970926,-75650.95003518651,-98721.97137828053,-63411.80371352895,7500.000000000284,-1041164.5872240884
2018-11-13,-138816.12687978384,-162472.40618101787,-61833.359097233086,-26221.59327395235,102499.99999999981,-286843.4854319873
2018-11-14,-285118.6542695333,138876.52452595046,121325.24498366549,108822.54836557803,62499.999999999774,146405.66360566046
2018-11-15,291339.8855684712,1768.1902572697084,-21515.291224833978,60849.40806357908,5000.000000000559,337442.1926644866
2018-11-16,171545.0861175516,22984.44130127475,-168643.15416602493,98944.5910290243,110000.0000000001,234830.9642818258
2018-11-19,-545082.4413435234,157174.39293597924,51695.77817811577,28260.157273917175,42499.99999999976,-265452.1129555115
2018-11-20,-771981.4657295048,71841.59803749868,21039.507519675648,-50282.07014961872,22499.99999999974,-706882.4303219494
2018-11-21,-1359.0488538206546,-144914.88432998746,-55209.95334370227,83675.14356029559,-32499.999999999753,-150308.74296721455
2018-11-23,-255711.39466716687,54519.87337319775,68027.21088435604,0.0,-0.0,-133164.31040961307
2018-11-26,510589.45604351425,-115759.01078663797,-49704.877291085744,-68526.67645619148,-27500.000000000302,249098.89150959882
2018-11-27,154103.61262714557,-7056.540531003019,0.0,-110637.60039337733,42499.99999999976,78909.47170276497
2018-11-28,873559.9766129409,-60001.76475778884,-53075.24196066171,126321.0039630136,27500.000000000302,914303.9738575043
2018-11-29,-38068.029281219664,123904.77033366043,62774.639045826145,33158.67037825271,22499.99999999974,204270.0504765194
2018-11-30,275730.85429324687,42220.07212595802,-31191.51590767366,-47790.21321787203,55000.000000000604,293969.19729365985
2018-12-03,394657.70449745643,-89528.65794786157,-24249.061326657717,168415.01393214165,52499.99999999977,501794.99915507855
2018-12-04,-1083293.3549081332,22923.6466231697,-21171.489061398985,87527.35229759057,170000.00000000015,-824013.8450487716
2018-12-06,-111039.76614122324,-10568.031704094594,1571.5857300024893,-36258.15808556976,120000.0000000001,-36294.37020088501
2018-12-07,-783848.7522081173,45819.01489117968,40069.138906349,105403.44075599783,64999.999999999505,-527557.1576545914
2018-12-10,49237.46204736124,45714.28571428449,-45386.96298614919,-37295.4764196326,-14999.999999999458,-2730.691644135517
2018-12-11,-75980.84776560766,-77186.2117358113,-125776.27545004355,-21709.41545388716,-57500.00000000033,-358152.75040535
2018-12-12,225523.0149559473,-59874.96698071304,-54135.81721200433,30195.667928173407,-67500.00000000033,74207.898691403
2018-12-13,100045.7857723236,88315.81736288729,108860.96213879704,-20491.80327868938,-12499.999999999734,264230.7619953188
2018-12-14,-707004.1606057286,-15826.958586122597,20587.53662206092,-68801.80252675727,50000.000000000044,-721045.3850965475
2018-12-17,-737061.1659255316,-102076.73354452717,-54523.903595418145,126111.56022635628,84999.99999999952,-682550.2428391211
2018-12-18,122625.45892888666,77834.77799398586,23836.008263149466,21645.021645020355,80000.00000000007,325941.2668310424
2018-12-19,-520336.5146623279,44052.86343612147,30913.126188967242,34822.286263206384,117500.00000000038,-293048.23877403233
2018-12-20,-696378.698711952,26373.626373628056,-21335.440537337825,137768.54883795208,-27500.000000000302,-581071.96403771
2018-12-21,-634221.5086878139,117647.05882352899,33259.423503326776,-116334.28300094894,-7499.999999999174,-607149.3093619063
2018-12-24,-1018515.1770721502,-146635.244828488,-16574.585635359406,0.0,-0.0,-1181725.0075359975
2018-12-26,1744603.5737557465,75617.69102259586,31623.053205787066,184239.91067155864,-12500.000000000844,2023584.228655687
2018-12-27,398320.2533388386,-96355.99159074637,-31523.36669556277,95729.5934446889,135000.00000000067,501170.48849721893
2018-12-28,-115593.6214551978,123228.58903265565,-2371.728990433475,30533.155875678287,17499.99999999918,53296.39446270185
2018-12-31,402260.8228111524,15746.653836057334,37956.66613949145,-18751.464958201013,125000.00000000067,562212.6778285009
2019-01-02,28177.092576737727,38461.53846154277,47266.425082717054,31682.70359070635,62499.999999999774,208087.75971170366
2019-01-03,-989482.6747262097,-251265.04972954546,-181903.71648110438,126463.70023419285,267500.0000000005,-1028687.7407026663
2019-01-04,1152369.1474383967,128998.05619367654,85449.60868870799,-105666.51184393816,-262499.99999999994,998650.300476843
2019-01-07,146657.5570687001,33359.66991484529,83933.80315147914,47945.73945583358,-57500.00000000033,254396.76959085776
2019-01-08,380917.37193149177,122699.38650306678,40047.11425205976,-41964.56325769315,-85000.00000000063,416699.30942892446
2019-01-09,134879.94719904807,-41811.846689894235,-37541.06053495909,71306.10972568618,-30000.000000000025,96833.14969988089
2019-01-10,179989.88237422408,172835.195530725,48673.261108493905,-53517.41254944475,-7499.999999999174,340480.926463999
2019-01-11,-8705.553555711787,-77888.36001730859,-35937.49999999951,28022.106328324804,74999.9999999995,-19509.307244695563
2019-01-14,-125598.27804275503,-86880.97306690068,75270.50337148955,23308.212260118034,-22499.99999999974,-136400.53547804788
2019-01-15,227991.90626118903,22687.60907504497,19455.25291829009,-33744.47288805982,-2499.999999999725,233890.29536646453
2019-01-16,205893.56005815574,-97620.50030506453,-2330.0970873796346,62976.20898771283,-50000.000000000044,118919.17165342435
2019-01-17,235587.32209808863,-33283.69974599399,10876.320696084907,-6968.101579435948,-45000.0000000006,161211.841468743
2019-01-18,482917.59163893276,-8773.469029652591,76051.5287909369,-112703.3307513553,-87499.99999999924,349992.3206488626
2019-01-22,-427641.07203208667,-42131.13315193473,-70856.43869377823,14048.232264107784,134999.99999999956,-391580.4116136923
2019-01-23,245442.64003985684,-8795.848359572921,51194.53924914863,7017.543859647591,-62499.999999999774,232358.87478908035
2019-01-24,-31873.051422502962,42238.64836325309,95693.77990430672,-46761.74888940787,107499.99999999926,166797.62795564823
2019-01-25,262230.1578121622,-129961.3628380758,30576.364470265016,214604.01845047605,-102499.99999999981,274949.1778948276
2019-01-28,-295680.1901589501,175004.4193035194,65538.78981862438,57807.92353938691,22499.99999999974,25170.942502580318
2019-01-29,73829.24647609369,29790.58967843784,-36341.611144760085,66799.7542997545,80000.00000000007,214077.97930952598
2019-01-30,619264.6367203248,8748.906386699673,-60790.273556231565,19492.432349794697,42500.00000000087,629215.7019005883
2019-01-31,-21253.366998660316,92697.85745518177,28287.46177370167,112222.30704633906,150000.00000000015,361954.25927656237
2019-02-01,89909.18680126691,-66155.98885793884,-6098.955553862639,-31825.414867014402,-140000.00000000012,-154171.1724775491
2019-02-04,245045.76105304988,8733.624454149158,-24410.710199098685,-29615.00493583624,-82500.0000000009,117253.67037226321
2019-02-05,238724.2629273223,-33173.286774335065,-35176.26366903892,-1141.2919424774736,55000.000000000604,224233.42054147142
2019-02-06,-29226.90181461296,-45470.44421126189,-56787.660194919095,-53644.802921930524,-0.0,-185129.80914272447
2019-02-07,-304326.84922982403,-77125.32865907118,-17751.022613259338,-1145.4753722783817,124999.99999999955,-275348.67587443336
2019-02-08,-87884.0407429088,-47510.11789547954,11597.340343278973,49259.20268825434,50000.000000000044,-24537.61560685496
2019-02-11,-74192.44469422936,-26457.35955551398,-9267.124874506871,-76501.48435716041,-72499.99999999978,-258918.41348141042
2019-02-12,520604.0288012137,-79477.21653126294,-56427.3015382244,25248.66105585333,-57500.00000000033,352448.1717875793
2019-02-13,161759.17652019646,99299.58329639277,21766.169154229243,18331.805682857415,-60000.00000000005,241156.7346536758
2019-02-14,-142338.86264366447,-123511.24834582894,-27148.61929878909,-11443.393347573272,127500.0000000004,-176942.1236358554
2019-02-15,610671.0892045763,53262.316910784866,-45889.39877109732,95052.679798443,-22499.99999999974,690596.6871427072
2019-02-19,10912.462693051239,30101.814962373297,98452.88326300938,250360.36719520373,47500.00000000032,437327.52811363793
2019-02-20,85325.89300197735,54809.052333806285,106004.3330238325,35818.2225207071,-17500.000000000295,264457.50088032294
2019-02-21,-139989.53550914294,5289.605924359009,-12250.210550494023,-221097.29769969443,-85000.00000000063,-453047.43783497304
2019-02-22,245305.43356196754,-5288.207297724501,-3066.3089306248726,64601.43558745912,82500.0000000009,384052.3529210782
2019-02-25,80858.76471901288,-1763.2019747870763,19170.309025380306,-37240.44538068017,-45000.0000000006,16025.426388925342
2019-02-26,-45567.69425052731,45847.2932463394,46686.05541098936,-9050.456293840381,92499.99999999981,130415.19811296088
2019-02-27,-97808.80943188963,43983.11048557257,99794.3170564497,-83767.26284808511,-142499.99999999985,-180298.64473795233
2019-02-28,-93153.16896259085,-22821.03045730066,45255.69467491275,-55779.00887910936,-44999.99999999948,-171497.5136240876
2019-03-01,148989.04151875115,-12302.284710015154,-39795.765129899686,-187385.7404021928,-110000.0000000001,-200494.74872335658
2019-03-04,-277928.2664625649,5275.652862040126,-18846.588767432724,-134217.8340018535,82499.9999999998,-343217.03636981116
2019-03-05,-17649.34846134658,-68565.40084388296,-46072.50755287007,-32689.912826899257,-0.0,-164977.16968499887
2019-03-06,-180610.56402947695,-52924.053982532634,-16693.224068593525,33931.35725429208,74999.9999999995,-141296.48482631153
2019-03-07,-272968.6610219273,12381.710444855365,19001.29208786128,-12841.466261968026,140000.00000000012,-114427.12475117858
2019-03-08,-31588.063233440324,-205055.68322432443,-68274.92034592763,154229.63078361106,27500.000000000302,-123189.03602008104
2019-03-11,275926.6710255015,60725.129487408936,-79437.82462572547,-94834.2328450269,-44999.99999999948,117379.74304215866
2019-03-12,-131289.84268765798,48076.923076920684,200954.7274407142,87290.50279329464,94999.99999999953,300032.31062327104
2019-03-13,203017.76662260518,49737.98738786783,-137368.85802702047,129599.62971534344,-15000.000000000568,229986.52569879545
2019-03-14,9600.087772227984,77965.80136440134,167597.76536312775,-161759.08221797153,-47499.99999999921,45904.572281786335
2019-03-15,189131.12982760882,-40596.59341629107,-20322.143609814437,97417.65888356068,92499.99999999981,318130.0516850638
2019-03-18,88323.0098646448,21223.91227449505,28659.778263822045,-17283.760946381622,-22499.99999999974,98422.93945658054
2019-03-19,-36088.4614939333,28268.55123675198,-24817.628036399863,54218.257325233666,-30000.000000000025,-8419.280968347539
2019-03-20,-191593.3555269045,33521.52434721312,5277.442702049661,-51724.13793103459,197499.99999999933,-7018.52640867696
2019-03-21,294783.5500105422,128577.71906649163,-49732.49943485802,64590.542099191014,-4999.99999999945,433219.31174136733
2019-03-22,-620381.0802576471,-92754.63773188886,-55282.09011738006,63165.148150984285,204999.99999999962,-500252.65995593206
2019-03-25,19913.874502399674,-138901.0989010986,57112.397197685015,117795.0594693511,87500.00000000035,143420.23226833754
2019-03-26,193264.60222527376,35410.76487252326,6057.393806313538,-86239.50374461232,14999.999999999458,163493.25715949768
2019-03-27,-43842.5379018309,-72463.76811594235,-3026.8634127883497,-50216.845469068794,100000.00000000009,-69550.0148996303
2019-03-28,125478.0865533267,-40798.226164078245,-43902.80826583881,-230170.24200320756,-37499.9999999992,-226893.1898797971
2019-03-29,287458.4037459382,-39104.15926057453,-72987.1512202529,37215.07210420194,-62500.00000000089,150082.16536931187
2019-04-01,445101.71748040506,-10685.663401601709,-26039.672206479292,-53364.26914152981,-207499.99999999936,147512.11273079488
2019-04-02,-105686.09992527678,-32074.126870991204,35322.12239883315,18627.755355479225,40000.00000000004,-43810.34904195558
2019-04-03,52140.77014782159,-3569.516330537148,45144.999617414695,-1162.7906976735546,-90000.00000000007,2553.4627370255184
2019-04-04,222269.85677468168,76758.30060692501,37324.80195003163,-10465.927591287727,12499.999999999734,338387.0317403503
2019-04-05,53538.74585316998,-37343.29154441163,-75889.80799878575,16291.698991466319,27500.000000000302,-15902.654698560775
2019-04-08,-111218.58513475468,-10689.47087119021,-29823.353980270585,77882.8270303744,-45000.0000000006,-118848.58295584166
2019-04-09,-253042.59288364605,64171.12299464733,19174.7200490866,74011.25587849777,50000.000000000044,-45685.49396141429
2019-04-10,8806.68803521556,19545.131485432245,-4593.1256219855495,64441.88722669608,55000.000000000604,143200.58112535893
2019-04-11,-18880.107779284393,17750.954113782136,32166.653902121478,-234894.20212359613,-67500.00000000033,-271356.70188697724
2019-04-12,360468.65228043456,-28376.341225500033,-32826.933353691245,23281.08024212239,-140000.00000000012,182546.45794336556
2019-04-15,-36481.10918018921,78145.81298286161,21446.078431370806,-44165.504416550095,17500.000000000295,36445.27781749341
2019-04-16,90057.63552231039,0.0,14521.553041884072,-165526.88840534736,-97500.00000000036,-158447.69984115328
2019-04-17,-4128.129269416192,-35382.57408226553,-43501.48820880695,-4714.757190002472,-0.0,-87726.94875049114
2019-04-18,145560.18743615563,21267.16880815227,-5365.62931166551,-3537.1796887273545,80000.00000000007,237924.5472439151
2019-04-22,-63899.82657832471,-92059.8388952798,-34511.8490681795,18869.40797232284,-74999.9999999995,-246602.10656946068
2019-04-23,191878.4808598717,24899.95553579316,-10004.617515777525,-49469.96466431097,50000.000000000044,207303.85421557637
2019-04-24,-77913.7760214349,-62172.48423483035,-33125.3370310447,73268.73079650408,120000.0000000001,20057.133509194246
2019-04-25,-177611.8028127155,-126514.61154668864,-25506.260627609077,3528.028224224489,-30000.000000000025,-356104.6467627887
2019-04-26,107465.09722591835,-28691.83179413648,-6974.041069351955,106991.69148769672,72499.99999999978,251290.91585012642
2019-04-29,14583.70144212795,23345.60474095415,18610.421836227077,-73546.57950035203,-77500.00000000035,-94506.85148104321
2019-04-30,50771.26606937821,62780.2690582957,9287.925696592758,49272.641952136095,67500.00000000033,239612.10277640313
2019-05-01,-214228.15329348977,55431.381314257065,83513.76430560053,-16370.439663235815,-5000.000000000559,-96653.44733686853
2019-05-02,-162021.4648881918,-26747.503566331154,9969.325153373899,-136959.57546433603,-102499.99999999981,-418259.2187654849
2019-05-03,262302.53472450224,-48209.98125167675,-15322.1481651733,112231.23572497552,52499.99999999977,363501.6410326275
2019-05-06,-87774.17048513924,21478.432074459874,90539.39998465488,29315.19699812535,77500.00000000035,131058.85857210122
2019-05-07,-626686.935103683,28607.187555875767,-39540.71933693126,21065.77202153348,130000.00000000012,-486554.69486320496
2019-05-08,3019.4387926296695,-19639.35011605189,-22902.5116421111,-47915.855083754956,-85000.00000000063,-172438.2780492889
2019-05-09,-187310.36267494617,12510.052720933196,-43614.66064733421,48069.40753478095,62500.00000000089,-107845.56306656536
2019-05-10,154494.90405120447,42864.797285231405,-1537.0427297878298,25710.946630307375,4999.99999999945,226533.6052369549
2019-05-13,-832934.6933221548,24950.989128496025,768.639508070823,168001.86668740615,125000.00000000067,-514213.1979981812
2019-05-14,286163.9826906082,-5339.978640084287,-36891.860733224705,-62302.899776938706,-35000.00000000059,146629.2435403599
2019-05-15,158974.70042554263,-51633.57963144044,-43199.87657178115,18537.112844672076,100000.00000000009,182678.3570669932
2019-05-16,292930.9942833813,5355.23027489937,-45711.62934841611,-130756.76926637303,-64999.999999999505,56817.82594349208
2019-05-17,-133543.77813900087,-58891.76407602559,-38916.56288916523,-122568.09338521358,30000.000000000025,-323920.1984894053
2019-05-20,-114248.5638875923,-16108.824055842686,-51570.55789967169,18830.914083952655,-57500.00000000033,-220597.03175915434
2019-05-21,269083.9917600962,7165.248544556135,-2356.267672009027,-48193.71522607807,-25000.00000000058,200699.25740656472
2019-05-22,-136227.34648435775,0.0,0.0,18867.924528301883,82500.0000000009,-34859.42195605497
2019-05-23,-388526.65265137644,-25069.388485989828,-51064.498389503664,131909.54773869444,242499.99999999994,-90250.9917881756
2019-05-24,130742.97963120429,53787.53922008262,789.6399241946739,-21014.943960148692,-70000.00000000006,94305.21481533282
2019-05-28,-325463.17883160315,16092.981671880225,13422.818791946067,-75993.76461418561,140000.00000000012,-231941.14298196236
2019-05-29,-305652.1342903168,-41093.442915847154,-17347.421542343032,48178.613396004934,79999.99999999897,-235914.3853525031
2019-05-30,60551.825748285104,-60871.90045654056,-24486.57187993808,76136.1861627352,22500.00000000085,73829.53957454252
2019-05-31,-493423.09140925575,-10774.894495824139,-15044.738300736826,217931.78463211827,212499.9999999999,-88810.93957369853
2019-06-03,6685.461719984076,77261.70155421652,23790.642347343295,194133.8642977486,152499.99999999985,454371.6699192923
2019-06-04,722568.854357295,128870.5924467548,18987.341772151998,7938.308006352201,-95000.00000000064,783365.0965825533
2019-06-05,286538.70294621185,14227.28081095226,30795.95704358784,55538.76379023492,-10000.00000000001,377100.70459098683
2019-06-06,248169.80082280503,-44428.647591965295,-11021.018657010329,105021.45599638468,-2499.999999999725,295241.5905702144
2019-06-07,358264.52353866614,85492.92011755139,7092.7575065016235,40370.81339713033,100000.00000000009,591221.0145598496
2019-06-10,106061.66732220257,76261.41704354162,19688.13986454432,-184536.23620638181,-147499.9999999993,-130025.01197609259
2019-06-11,-19029.12517055322,-3533.5689045923323,-25151.300793838647,19249.641428247254,7499.999999999174,-20964.35344073777
2019-06-12,-58690.49707641239,21205.159922250692,26002.67906390341,62198.43184559815,32500.000000000862,83215.77375534072
2019-06-13,137201.43527183315,-60017.652250663465,-24363.407733416498,82213.37938283724,89999.99999999897,225033.7546705894
2019-06-14,-23005.526918880027,-28328.611898018607,-10241.865595210786,10080.645161287815,-4999.99999999945,-56495.35925082105
2019-06-17,30747.872428910083,-111702.12765957421,-66246.0567823342,-15670.472352807274,17500.000000000295,-145370.7843658053
2019-06-18,473157.9054193524,14264.063475084577,-42870.75261988016,88518.71218345963,64999.999999999505,598069.928458016
2019-06-19,50862.36668512933,-48106.90423162845,19933.025035878683,-22278.330610426834,77500.00000000035,77910.15687895309
2019-06-20,329042.78599456215,71441.32880871456,71616.13750298557,538821.9544846063,70000.00000000006,1080922.2067908687
2019-06-21,-44533.040383622494,103221.21373909977,40293.90850912362,35537.36808098229,-167500.00000000044,-32980.550054417254
2019-06-24,11016.451508709668,157577.90368272405,33836.9531004079,194456.38160721757,117500.00000000038,514387.6898990596
2019-06-25,-234821.46130919646,26350.461133066718,-8626.77437063697,6363.57208513072,67499.99999999978,-143234.20246163622
2019-06-26,-15029.256198724195,-52631.57894736636,-38461.538461539436,-34984.80457983066,-137499.99999999985,-278607.1781874605
2019-06-27,-13505.76293617567,8795.074758136678,5515.719801434393,-34003.96712949616,110000.0000000001,76801.06449389935
2019-06-28,96819.86897669747,-3516.4835164835927,-16538.03748621785,13845.49843794436,12499.999999999734,103110.84641194012
2019-07-01,154566.02190379144,-14068.407632108481,14198.942967578176,-256437.53990210794,-84999.99999999952,-186740.98266284633
2019-07-02,90717.93207655387,-137263.5283765944,-39385.58487593613,205687.06697459472,144999.99999999956,264755.8857986176
2019-07-03,234303.0192618145,10631.700186052307,-37168.84143930343,0.0,-0.0,207765.87800856336
2019-07-05,-56953.20032633677,-12397.06012573949,-11906.65184950035,-84365.65570268895,-180000.00000000015,-345622.5680042657
2019-07-08,-150779.35912921946,-104554.31508063163,-45299.21322419139,3221.8801460592863,35000.00000000059,-262411.0072879826
2019-07-09,-29573.448471130192,-19595.617707315327,-7983.394539357036,5368.647100931767,-50000.000000000044,-101783.81361687082
2019-07-10,100242.72415580903,-14265.335235377208,-45541.70661553281,135241.5026833631,-17500.000000000295,158177.18498826184
2019-07-11,296937.4762659971,91006.42398286673,39328.99911710308,-61697.75193248739,-147500.0000000004,218075.14743347914
2019-07-12,315203.21853744873,-12434.496846964737,11992.324912055707,59816.278572955016,35000.00000000059,409577.32517549524
2019-07-15,34741.290712763104,35549.2356914322,39128.00447177345,15958.578622596864,34999.999999999476,160377.10949856509
2019-07-16,-30101.43586279601,-17743.080198719952,-42952.59306395183,-23381.040102026796,-74999.9999999995,-189178.14922749408
2019-07-17,-148242.4220696621,-88794.17510211596,-84678.06358843255,128796.48027249501,152499.99999999985,-40418.18048771573
2019-07-18,4011.778169243918,32108.45522654271,18530.454398968388,50657.8484486031,57500.00000000033,162808.53624335845
2019-07-19,-88416.14269126607,56990.20480855132,86047.44672295883,-10518.196479910035,-25000.00000000058,19103.31236033347
2019-07-22,22814.15029718903,-78138.87408986365,-23122.309041618828,2105.115430496296,12499.999999999734,-63841.9174037974
2019-07-23,228366.43738567864,-21394.187912282538,-30368.416846480173,-54725.32098505567,-77499.99999999924,44378.51164186103
2019-07-24,-101381.43030926805,-98161.69908977379,-28857.71543086224,28519.118371945762,60000.00000000005,-139881.72645795823
2019-07-25,-165553.90416637895,-16142.050040353073,37784.38781252502,-93829.06944053803,-60000.00000000005,-297740.6358347451
2019-07-26,66373.80079864919,7180.039490215506,-26429.601153290518,48801.188202842735,-17500.000000000295,78425.42733841663
2019-07-29,37197.82513160186,-25121.119684192727,-61029.47081024657,11632.00563975786,64999.999999999505,27679.240276919925
2019-07-30,-29996.675403680118,19762.84584980448,-129272.03684253042,106720.20287404992,-14999.999999999458,-47785.66352235559
2019-07-31,-429488.98485992535,26922.731759846385,-45019.235491529085,-37770.16157235913,100000.00000000009,-385355.65016396716
2019-08-01,-365904.228925637,-154149.48915576155,-6577.865482649825,-54694.62169553185,317500.0,-263826.2052595803
2019-08-02,-129567.60266361388,12644.508670520694,-24683.23185782606,260750.22872826926,97499.99999999981,216643.9028773498
2019-08-05,-1013949.0224847919,52351.29524324922,23094.688221709792,197149.9723298298,299999.9999999997,-441353.0666900033
2019-08-06,424310.223215566,244868.5631976977,4937.458854508137,79885.29291274249,-10000.00000000001,744001.5381805144
2019-08-07,-30186.880126870652,-65812.87797936764,9870.044415201119,355541.9722901376,137500.0000000004,406912.2585991008
2019-08-08,499448.8037291378,-5353.796734184346,-22185.702547248275,-95535.06269488366,-80000.00000000007,296374.2417528215
2019-08-09,-120411.97671258052,-30346.30489111123,823.5197232964175,-11016.892568606052,-45000.00000000004,-205951.6544490014
2019-08-12,-520590.82208080974,37543.57736658776,-100461.13306982907,87197.64800213858,237499.9999999999,-258810.7297819125
2019-08-13,518273.94035628415,17844.396859385546,47413.07602728284,-30890.852321796003,-102499.99999999981,450140.5609211567
2019-08-14,-1066105.2492188928,-73096.80870030366,-12418.246543588473,136799.36093729082,247499.99999999997,-767320.9435254941
2019-08-15,137324.5544835844,-60839.22340520465,-3315.649867373649,36611.9137146248,130000.00000000012,239781.594925631
2019-08-16,419544.79758899653,-52050.61473571027,26533.996683251182,-70084.23269281305,-25000.000000000022,298943.9468437244
2019-08-19,337722.9630986034,-35990.642432968125,57062.520674826534,-119999.99999999844,-147500.0000000004,91294.84134046297
2019-08-20,-232143.35591157043,-19830.539030103457,-23846.72313132108,41988.802985869486,92500.00000000036,-141331.8150871251
2019-08-21,323935.26956634776,27068.483262651098,24727.99208704135,0.0,-40000.00000000004,335731.74491604016
2019-08-22,66132.42207968884,-12614.885564965483,-24666.995559939896,-72776.81775887223,-82500.00000000035,-126426.27680408912
2019-08-23,-831049.0838115142,-12622.847353709332,98911.96834816984,293528.3510318565,205000.00000000015,-246231.61178519702
2019-08-26,368628.774547487,106459.7618188401,8161.932745673895,-2947.7269749761394,-42499.99999999976,437802.74213702505
2019-08-27,-163426.30149701942,-69999.1025756086,-32621.105855488164,144467.01172770694,137499.99999999985,15920.501799590624
2019-08-28,350571.61366906733,-25216.138328532088,49909.998363606435,-31148.60480207704,60000.00000000005,404116.8689020647
2019-08-29,438439.3207892112,-7213.706041477863,-52104.53472278776,-110222.39563012126,-125000.00000000012,143898.6843948242
2019-08-30,54473.72663561989,-43297.85314811429,-26188.72248138171,-72715.36193907745,25000.000000000022,-62728.21093295355
2019-09-03,-378138.62520110764,-168143.19291267532,-98465.57807499656,264630.3732473187,100000.00000000009,-280117.0229414607
2019-09-04,318199.8482273929,10939.921597228342,19060.246954503145,42693.576557345514,17499.999999999738,408393.5933364696
2019-09-05,494918.13274435746,109339.40774487283,131513.64764268036,-337676.57872669667,-264999.9999999997,133094.60940521426
2019-09-06,90760.11620706592,1812.4150430454122,61229.48812147699,-91065.06532928604,37499.99999999975,100236.95404230205
2019-09-09,49696.87425599334,-27183.762232689813,-33268.419344368864,-39835.34723144278,-180000.00000000015,-230590.65455250826
2019-09-10,96409.57075159218,48997.36865982884,50476.268012700224,-118825.72227399968,-199999.99999999962,-122942.51484987806
2019-09-11,296043.05999792466,3620.5648081111262,8100.44552450373,41266.85902167582,-77500.00000000035,271530.92935221497
2019-09-12,58567.55195113639,-66968.3257918563,-16187.778227437777,43161.13490363871,-144999.99999999956,-126427.41716451854
2019-09-13,47731.16477727379,81721.60174339193,-4864.207539521104,-78067.65863748566,-280000.00000000023,-233479.09965634125
2019-09-16,-183489.64272698664,45216.13311629924,136264.0927893577,122744.65088201624,155000.00000000015,275735.2340606867
2019-09-17,43923.17857118799,-138951.5474149605,-54413.05913419292,19958.751912715343,72499.99999999978,-56982.676065250314
2019-09-18,46837.42272452496,125386.15300744737,59538.17684447804,23918.676499899982,65000.00000000006,320680.4290763504
2019-09-19,-67416.0904229848,-79458.23927765216,-25593.857474205393,-90547.26368159182,30000.000000000025,-233015.45085643415
2019-09-20,-206320.10803553203,32635.300516727915,43300.457060377885,89095.03470368341,47500.00000000032,6210.684245257493
2019-09-23,19387.363760331456,-54303.55688297306,-42315.369261476386,163205.73210376166,117499.99999999983,203474.16971964348
2019-09-24,-184701.3672361314,-45376.16843633963,-29666.4528543944,82693.4435912563,182499.99999999988,5449.455064390786
2019-09-25,212733.099396184,41841.00418409997,41013.268998792984,-269238.3003720389,-242499.99999999994,-216150.92779296188
2019-09-26,-103284.26652468581,-116184.07915040318,-100913.022585295,28911.33856174566,117499.99999999983,-173970.02969863848
2019-09-27,-92240.48682241415,-54779.51246233736,-22653.721682847074,-83582.0895522399,25000.000000000022,-228255.81051983844
2019-09-30,126035.36506930247,36619.97619701651,-31625.040544923653,-334200.52031218616,-0.0,-203170.21959079083
2019-10-01,-447030.72390025354,-78589.05236224123,-2440.413243308681,166814.49136931146,77500.00000000035,-283745.6981364916
2019-10-02,-651212.6576409804,64220.183486236594,1627.339300243058,192307.6923076916,119999.99999999955,-273057.4425468096
2019-10-03,164299.33792509232,53040.69501600672,9762.447120076346,60959.360426380284,150000.00000000015,438061.84048755583
2019-10-04,497835.2004347908,20065.669463695813,30884.265279584877,-8957.600690066014,52500.00000000033,592327.5344880059
2019-10-07,-126045.58187562843,21867.88154897812,-6481.931615620606,-84650.11286681757,-95000.00000000009,-290309.74480908853
2019-10-08,-415034.81000467524,-27304.996814419002,-37295.2813361449,-5007.678440274721,40000.00000000004,-444642.7665955138
2019-10-09,243423.79846536755,-21873.860736416616,-55338.54166666629,89166.4440288531,-130000.00000000012,125377.84009113762
2019-10-10,200147.9540924811,51094.89051094762,-5728.314238951926,-112542.32786667428,-172499.99999999988,-39527.79750219738
2019-10-11,422588.9517437476,41863.85147433302,180135.92074019424,-121420.925876371,-235000.00000000023,288167.7980819036
2019-10-14,-38149.89154101833,34510.943601850915,149601.8660017695,91050.1112834694,47499.99999999977,284513.02934607124
2019-10-15,310235.8724413268,-1813.236627379311,-5547.190744115138,-141784.54112757422,-94999.99999999953,66090.90394225856
2019-10-16,-29554.33527722484,10880.406201829728,118141.45258483899,105576.61072008617,57499.999999999774,262544.1342295298
2019-10-17,30979.209672771234,72496.60172179429,49369.17169500843,43346.77419354893,-22499.99999999974,173691.75728312312
2019-10-18,-331119.652718061,93905.19187359115,35090.45539613176,-41211.55263686893,24999.99999999947,-218335.55808520754
2019-10-21,75098.43034419039,52125.46059135459,24088.89579609941,-58459.884424135744,-112499.99999999983,-19647.09769249118
2019-10-22,-51584.8580046574,-7171.029042667421,55813.95348837059,-7083.1084727479565,60000.00000000005,49974.957968297866
2019-10-23,59905.331098509814,-41248.20659971329,-67067.53006475385,83012.75561854559,22500.0000000003,57102.35005258856
2019-10-24,-37068.71332770978,5391.3199748389925,29491.65696546352,90610.10806094228,-17500.000000000295,70924.37167353471
2019-10-25,199158.53184026334,-50305.42579949504,-64226.57277721844,6004.403229034061,-87499.9999999998,3130.9364925841073
2019-10-28,172234.20379656184,-36023.054755043304,-6230.529595017131,-95031.67722574202,-130000.00000000012,-95051.05777924073
2019-10-29,-24883.059586457424,27066.041140382247,19482.54364089852,-30201.342281878653,45000.00000000004,36464.18291294473
2019-10-30,148977.92730794835,28831.4262546141,7777.86419849047,62542.03093476906,92499.99999999981,340629.24869582185
2019-10-31,-180827.45637662878,70175.43859649144,27201.367840212766,182828.8240021436,267500.0,366878.17406221904
2019-11-01,389686.4738634598,5379.236148468358,29452.79801581213,-33743.549027393514,-92499.99999999981,298274.9590003469
2019-11-04,146860.61104252856,17925.96576140948,-1545.5950540954611,0.0,-145000.00000000012,18240.981749842467
2019-11-05,38897.22967390763,-68057.6699203006,-35554.18148091016,-270557.02917771874,-200000.00000000017,-535271.650905022
2019-11-06,-89.11479185302883,-98840.86620540966,-8532.423208190698,95218.80064829902,130000.00000000012,117756.39644284574
2019-11-07,232004.58596798533,-7224.128589489176,-18632.09378153874,-261709.83760569087,-279999.9999999997,-335561.4740087332
2019-11-08,8144.593637534614,-90334.23667569763,-59889.554328381724,-29709.056139872737,-17500.000000000295,-189288.25350641776
2019-11-11,12960.040807420415,3629.764065333774,12519.5618153362,-59536.02956271842,-25000.000000000022,-55426.66287462805
2019-11-12,0.0,23589.18526582876,48452.641450453804,-35039.50532463107,85000.00000000007,122002.32139165157
2019-11-13,116407.60392452875,-41685.54599003116,-4666.355576296022,99166.72405481775,97499.99999999981,266722.42641301913
2019-11-14,-2053.37035278752,1816.2005085375908,1556.1780267669967,103646.4390777858,137500.0000000004,242465.44726030328
2019-11-15,280849.51529697364,12712.249160085064,21783.10253617477,-45862.20953934017,-47500.00000000032,221982.65745389296
2019-11-18,39155.66174335971,63520.871143372126,30274.802049370388,36802.28992026469,65000.00000000006,234753.62485636698
2019-11-19,-127584.9597413653,30755.31433740508,23218.017181332318,24474.811339996184,55000.00000000005,5863.183117368353
2019-11-20,-141495.9250405079,14450.867052024918,-16214.964095436768,0.0,120000.0000000001,-23260.022083919655
2019-11-21,-68940.50520666051,-1805.0541516245744,-2320.185614849146,-103848.50335980578,-85000.00000000007,-261914.2483329401
2019-11-22,137812.79385902235,-23467.822005598384,-5415.02282045303,0.0,-5000.000000000005,103929.94903297094
2019-11-25,239626.95717619886,-77715.52503162749,-51857.58513931882,-66639.32745540224,25000.000000000022,68414.51954985035
2019-11-26,68849.05725586532,-16329.492878528474,34233.252937057034,32953.45324728749,60000.00000000005,179706.27056168142
2019-11-27,52671.10642038331,16342.836390053073,-27913.468248430552,-65762.43321002762,-67499.99999999978,-92161.95864802158
2019-11-29,-139917.98040051185,-19958.269073756528,40432.314750018515,0.0,-0.0,-119443.93472424986
2019-12-02,-334847.6957129759,12713.403559754255,0.0,91853.58469794736,-172500.00000000044,-402780.70745527477
2019-12-03,-353022.9233374022,108902.80424721066,21683.574692170638,163099.2272447529,317500.0,258162.68284673203
2019-12-04,187033.61583780055,10831.302464118231,44046.055173478926,-42619.401975375615,-179999.9999999996,19291.571500022488
2019-12-05,35455.97831158265,-3608.4799278301994,86936.45176180765,29511.533242877475,-40000.00000000004,108295.48338843754
2019-12-06,426495.39576678496,39700.442118557614,35847.761421707866,-180784.0747511691,-112500.00000000038,208759.524555881
2019-12-09,-131754.13509734167,-82845.56506078289,-13679.890560875929,2056.06195600061,32500.000000000306,-193723.52876299957
2019-12-10,-34962.880155928746,10850.890677276404,4566.210045662267,33920.37278147075,-10000.00000000001,4374.593348480665
2019-12-11,37131.85556701304,50610.03163126632,-11410.314924692466,69738.8212771799,107499.99999999981,253570.39355076657
2019-12-12,276814.40850121586,77526.3679798055,52547.40689970338,-27562.27031441516,-267500.0,111825.91306630959
2019-12-13,4142.961497652919,89798.85057471381,208333.3333333326,91020.65862139352,195000.00000000017,588295.8040270931
2019-12-16,125032.96561126698,-110852.8517790086,-90538.03339517664,-6099.213879098286,-182499.99999999988,-264957.13344201643
2019-12-17,38760.952815726225,23372.88745055677,-60660.52572455627,-4067.7966101704264,7499.999999999729,4905.517931556025
2019-12-18,-34520.623932506875,25141.420490260025,-113019.89150090396,-20344.50020344525,-87499.9999999998,-230243.59514659588
2019-12-19,170641.7444070829,-62774.639045826145,-26672.763298277725,57041.96658970706,40000.00000000004,178236.30865268613
2019-12-20,96365.14975529753,17992.083483271414,-53488.194391380086,-35516.16831281301,-22500.0000000003,2852.8705343755573
2019-12-23,118622.01103563175,-82689.19647671958,-9218.713989399552,79338.17047535042,-45000.00000000004,61052.271044863
2019-12-24,-44228.80314995325,25270.7581227396,-46136.10149942327,0.0,-0.0,-65094.14652663692
2019-12-26,130031.26375350615,1802.7762754657672,22402.47199691181,271163.57504215813,75000.00000000007,500400.0870680419
2019-12-27,29189.707418122434,10815.682739977461,21581.624788036268,44722.71914132464,77499.9999999998,183809.7340874606
2019-12-30,-223743.8235854733,145932.79884695055,69220.11998154121,6936.187078875333,-52499.99999999977,-54154.71767810597
2019-12-31,93826.39534482929,35771.77606868265,16040.329972502042,49521.29415648599,-60000.00000000005,135159.79554249992
2020-01-02,405158.79634626437,33922.5138368171,104476.473728361,49358.34155972319,92500.00000000036,685416.125471166
2020-01-03,-283600.28820040904,-89118.61687906919,-73207.54716981127,243030.5018038692,234999.99999999965,32104.049554579367
2020-01-06,83726.56005542933,-16113.150120846687,-55500.64624040063,164601.08443067444,-57499.999999999774,119213.84812485671
2020-01-07,-145958.42022786188,64504.56907364011,68807.33944954142,53632.99706295344,-40000.00000000004,986.4853582730502
2020-01-08,197642.50089561398,-76799.4284693696,-42520.880789673756,-137422.06387581056,-117500.00000000038,-176599.87223924033
2020-01-09,257899.69695693915,-75302.55490811211,-6862.894616439518,-54899.19095929219,40000.00000000004,160835.05647309535
2020-01-10,-160913.28836995654,-3599.3881040208285,-26707.363601679022,56067.53882838045,82500.00000000035,-52652.50124727556
2020-01-13,101124.87020261018,10800.10800107889,-18362.662586074443,-87640.4494382016,-57500.00000000033,-51578.133820587296
2020-01-14,39495.55558245832,34181.88360169161,-44458.07143952152,-58124.51562903609,75000.00000000007,46094.852115592395
2020-01-15,109512.30611821127,-8979.885057469606,26947.95195565147,94333.50622406356,75000.00000000007,296813.87924045674
2020-01-16,322412.30001012643,41326.02641272243,13821.700069107656,-29959.40983184009,-52499.99999999977,295100.61666011665
2020-01-17,60281.30593454084,-25103.10202617605,29138.86971857904,94899.93544221975,-67500.00000000033,91717.00906916325
2020-01-21,-181343.9370862152,-77199.28186714853,-55814.66472971974,-23094.688221707573,167500.00000000044,-169952.57190479062
2020-01-22,-11712.204805857662,-19825.17797602723,32292.787944026015,-10601.387818043317,-0.0,-9845.982655902193
2020-01-23,-31394.899039856038,18040.772145044848,74340.89515634623,89693.30675753784,72499.99999999978,223180.07501907268
2020-01-24,-204478.10689198764,-73900.50468637278,-19018.638265499987,62316.246964079226,147499.99999999985,-87581.00287978133
2020-01-27,-548040.6337002796,-54274.084124827925,-44207.317073170496,54420.4697345807,190000.00000000017,-402101.56516369706
2020-01-28,229422.33965755455,-9070.29478457888,-1531.159087428957,-72298.325722982,-90000.00000000007,56522.56006256463
2020-01-29,14135.087569653315,5444.6460980051015,-26799.387442573152,5735.40657659799,117499.99999999983,116015.75280168308
2020-01-30,152244.08332158657,-10886.32858568639,-2303.2629558539243,130908.39597401094,90000.00000000007,359962.88775405724
2020-01-31,-731800.4091555463,21784.51484070365,51451.38995545917,-5683.612251340953,95000.00000000009,-569248.1166107244
2020-02-03,178096.49834035436,110617.46305195185,71052.02842081271,-54014.78299324025,-0.0,305751.20681987866
2020-02-04,502598.4328768418,-48692.515779980014,-140342.8918221816,-254882.06949023594,-207499.99999999994,-148819.04421555565
2020-02-05,587090.9894357845,-28925.246316551245,27698.69969992955,71594.42724458232,-115000.0000000001,542458.8700637451
2020-02-06,106251.6109979772,-81470.08237530562,-27622.18982582554,70291.43664141535,12500.00000000029,79950.77543826168
2020-02-07,-330298.705537862,-34539.17469550927,-51550.35777487216,33544.18248035396,164999.9999999996,-217844.05552788987
2020-02-10,209633.12099196884,-61913.86688518818,-29389.017788089557,58332.27081473935,77500.00000000035,254162.5071334308
2020-02-11,-573.8328138094051,-65759.43008493957,20167.54576481761,-86683.1777481436,-107500.00000000038,-240348.89488207534
2020-02-12,328859.4134376033,10996.059745260745,30190.43195541027,17245.784363822957,-99999.99999999953,287291.6895020977
2020-02-13,-151730.44137980207,-78761.7913728389,771.7835918796823,73688.91157330303,32499.999999999753,-123531.53758745852
2020-02-14,-30011.919121268325,-55167.34093416575,68683.4388022839,72376.35705669488,72499.99999999978,128380.53580354448
2020-02-18,-197500.9932621502,-11063.986723214291,-29125.469456580122,163960.32097049317,80000.00000000007,6269.8715285486105
2020-02-19,138696.41651891416,-83025.83025830534,-5380.890152970607,70312.49999999933,-35000.00000000003,85602.19610763752
2020-02-20,-152710.42042685422,27790.64381658092,-56914.320873712175,84914.46345256559,112500.00000000038,15580.365968580489
2020-02-21,-272585.74441187014,-40703.052728954244,-34808.16831683109,259804.52802177423,134999.99999999956,46707.5625641183
2020-02-24,-1245372.4957669964,94549.49944383006,55111.387099278094,253557.09595038634,235000.00000000023,-607154.5132735017
2020-02-25,-1100841.1776487082,18451.886705412868,-20842.982862437908,-228713.22650083737,117499.99999999983,-1214445.500306571
2020-02-26,-159960.57805073404,60835.10000921777,58791.67633635163,-62845.34580120238,50000.000000000044,-53179.147506366964
2020-02-27,-1546252.8363996935,7351.589781290358,-73829.11635776423,0.0,27500.000000000302,-1585230.3629761671
2020-02-28,-485309.68725452485,203931.65533712844,-13945.920818161372,-694207.3170731722,429999.9999999998,-559531.2698087301
2020-03-02,1782358.9417443043,98208.60234609708,-63620.14120567916,270443.06630010897,97499.99999999981,2184890.4691848313
2020-03-03,-1030091.0149000181,168310.56013030477,-31232.919497150568,469132.70112416084,195000.00000000017,-228880.6731427029
2020-03-04,1584678.021453536,66403.44580043145,42296.545782094516,-9134.644662321945,45000.00000000004,1729243.3683737402
2020-03-05,-1252647.5719117096,-75127.44834988317,42118.399500818974,231247.3341051746,164999.99999999985,-889409.2866555994
2020-03-06,-343685.3017922559,152616.93150193433,59029.126213590025,39606.33701391991,550000.0000000002,457567.09293718863
2020-03-09,-2725002.8803647254,288667.1418389186,114276.88981545891,33217.620301652096,517499.9999999999,-1771341.2284086957
2020-03-10,1712710.8190760799,21078.51747759959,-18322.009313688213,-137951.62735144972,-622500.0,955015.6998885416
2020-03-11,-2049427.2960121746,-142130.19828039908,-126195.0286806901,-160026.52040262634,-179999.99999999988,-2657779.04337589
2020-03-12,-3495955.117814041,-97198.90430325728,-71262.58714174938,-476117.9480930933,-72500.00000000006,-4213034.5573521415
2020-03-13,3277026.8039330943,-136743.02965725583,-193477.92167264898,-694645.4413892905,-254999.99999999994,1997160.411213899
2020-03-16,-4524291.349552005,-53643.27223960963,-135242.6412092278,-294913.2414066097,557499.9999999999,-4450590.5044074515
2020-03-17,1818365.090655486,14343.343792022622,-107258.0645161303,393700.7874015752,-672500.0,1446651.1573329535
2020-03-18,-2205832.357852056,-263370.06181134324,-118203.30969267157,-468227.42474916467,-672500.0,-3728133.154105236
2020-03-19,331146.1124523374,-98039.21568627194,-409998.3501072424,13199.756312189947,367500.00000000006,203808.30297101304
2020-03-20,-1591180.7475311384,-556467.7978471067,-112688.17204301174,54781.550114976206,452500.0000000001,-1753055.1673062802
2020-03-23,-1062468.5120147183,69437.9281223556,112232.46911432172,838948.7870619938,434999.99999999977,393150.6722839527
2020-03-24,3977763.470494994,132784.73910604217,-23229.802976857394,892150.6062539896,-129999.99999999985,4849469.012878168
2020-03-25,837839.9133345681,70599.16395726784,169023.80131079696,-252078.06288399082,-105000.00000000009,720384.8157186421
2020-03-26,2231390.2233668417,161066.3704526516,50033.92130257911,163572.87263370602,117499.99999999983,2723563.3877557786
2020-03-27,-1420645.9954851335,290174.47199265246,295333.7271116352,-238167.38379491997,155000.00000000015,-918305.1801757658
2020-03-30,1117287.322790176,164735.6987690074,206540.44750430423,-17550.341769814182,197499.99999999988,1668513.1272936729
2020-03-31,-643207.3839053926,-195708.77098482597,-65044.5675740785,-356966.70776818594,-69999.99999999978,-1330927.4302324827
2020-04-01,-1554843.3282414365,-5439.709882137933,29097.963142579174,-49261.083743842304,157499.99999999985,-1422946.1587248377
2020-04-02,785329.2022206371,-132402.28529971975,-20954.22308188266,451463.69281459873,20000.00000000002,1103436.3866536333
2020-04-03,-589902.8834227454,-195362.42468504605,10499.11161363326,73814.35689241544,100000.00000000009,-600951.8396017427
2020-04-06,2705665.3048350997,-73753.11145938923,-141185.96208148482,397563.8122054226,-222500.00000000017,2665790.043499648
2020-04-07,-40324.09185365849,-5551.957064864332,17184.942716856887,-109123.43470483033,-149999.99999999985,-287814.5409064961
2020-04-08,1204644.5947842898,168456.12736023698,80058.81872396037,5406.054781355029,-70000.00000000006,1388565.5956498422
2020-04-09,426866.24359838833,-56906.83799908003,43763.67614879806,637684.6403266479,87500.00000000007,1138907.7220747543
2020-04-13,-484877.9710422302,127025.0368188508,54869.684499312396,74300.19582997271,-50000.000000000044,-278683.05389409437
2020-04-14,836426.077465594,-18293.240647577757,50557.74014926628,102303.98899587434,-7500.000000000006,963494.5659631569
2020-04-15,-650918.8401052874,113521.92621074675,81443.62823379047,-251892.7534581883,284999.99999999994,-422846.03911893856
2020-04-16,49631.238472884754,-145653.16340464208,-83161.72976397863,-59055.118110236115,72500.00000000006,-165738.77280597202
2020-04-17,1048036.5949405434,-86198.99128839759,-26355.722386391943,-272029.7605208094,-112500.00000000009,550952.1207449444
2020-04-20,-854769.8689367339,16577.638607477853,0.0,110111.29528771035,70000.00000000006,-658080.9350415457
2020-04-21,-934638.0025065027,-3680.8686850098306,-36034.59320948077,-206276.44569816528,137500.00000000015,-1043129.9100991584
2020-04-22,694773.1601189988,-16566.9581224126,-115727.71839588492,451376.4747944227,-120000.0000000001,893854.9583951238
2020-04-23,58800.92793350889,-84745.76271186418,20326.85584193894,39914.38653323298,15000.000000000013,49296.40759681664
2020-04-24,386997.6347274096,-61054.57909342915,22719.8961376196,-84809.32325621638,42500.00000000004,306353.62851538375
2020-04-27,527768.9801209373,87222.7892734534,12143.782383418067,-100957.35422106067,-150000.00000000015,376178.19755674805
2020-04-28,-46741.53820910021,1847.745750183094,45281.798334277926,-12267.071674747498,115000.0000000001,103120.93420061341
2020-04-29,773014.5986461467,22170.900692843887,10464.461080255116,-62262.49634609604,-42500.00000000004,700887.4640731496
2020-04-30,-409391.7883758352,73821.1682199852,28144.097780637978,-169073.61747094063,12500.000000000011,-464000.1398461527
2020-05-01,-894245.4772337838,125034.47641813103,88204.6347526244,91734.94834342711,-50000.000000000044,-639271.4177196012
2020-05-04,38461.55467383094,27409.77615349749,-100945.87075749061,109766.8928887574,12500.000000000011,87192.35295859523
2020-05-05,196488.30135546636,-102189.78102189969,-6423.638991489566,-21969.65258656036,-50000.000000000044,15905.228755516699
2020-05-06,-320132.3614322943,-119222.30374174615,-1606.9419893938175,-177775.17014785306,-134999.99999999983,-753736.7773112871
2020-05-07,312438.72714734165,-73807.54682166257,-94824.81517197106,334877.0929818301,199999.9999999999,678683.458135538
2020-05-08,667621.1860584025,70376.88674877529,40564.66006814974,-103670.57730282126,-127500.00000000013,547392.1555725062
2020-05-11,-157268.49180397516,5536.587616497001,33128.636069812426,-128077.66536054865,-109999.99999999983,-356680.9334782142
2020-05-12,-660653.8108553472,-57195.571955721556,-67649.19062575481,80516.72270394606,119999.99999999984,-584981.8507328776
2020-05-13,-761141.0667382551,70311.77722268467,-63244.95256628593,83607.13447547519,72500.00000000006,-597967.1076063812
2020-05-14,568133.4757400281,-42408.03908914792,-10607.915136680023,211797.65447225329,75000.00000000007,801915.1759864535
2020-05-15,89006.12647267492,-31411.677753141466,-6534.879921580306,132040.7341349772,-52500.000000000044,130600.30293293028
2020-05-18,1347590.6274830673,25909.132969372804,-120974.3338237712,-184783.8485228709,-259999.99999999997,807741.5781057982
2020-05-19,-555663.0647910726,173736.2535809961,94324.01125268886,107402.70239057548,82500.00000000007,-97700.09756681217
2020-05-20,533584.2814805381,23820.4306000922,45901.6393442635,55039.55968352292,77499.9999999998,735845.9111084164
2020-05-21,-144950.94787983608,100658.85797950535,-15502.610966057206,-257911.57317491097,7500.000000000006,-310206.2740412989
2020-05-22,-12813.535277262366,-54629.88254575363,-11440.712592956093,122929.38099389694,50000.000000000044,94045.25057792489
2020-05-26,758149.5481738109,-91299.18743723042,-17998.85461834183,-257696.2988585263,-102499.99999999981,288655.2072597127
2020-05-27,774575.5069691606,144914.24378611395,109827.06335546322,48392.77334584558,44999.99999999976,1122709.587456583
2020-05-28,-202246.5709028448,63740.66654525112,-56749.08796108769,26311.173478338333,-62499.999999999774,-231443.8188403428
2020-05-29,-24154.903183538634,112553.3266769585,45658.37749694213,206618.80581334446,142499.99999999985,483175.60680370627
2020-06-01,126731.90952566582,72208.68309414375,21913.805697588716,7772.468190452298,-35000.00000000003,193626.86650785053
2020-06-02,367695.4915050157,12591.060347153516,112568.83705863307,-108758.20002301695,-45000.00000000004,339097.1888877853
2020-06-03,716841.5062163314,113248.24734855187,75278.28942099912,-238233.24831903636,-202499.9999999999,464634.79466684617
2020-06-04,15894.62308369316,84011.08231298249,-4769.096256258543,186417.7170455894,-147499.99999999985,134054.32618600669
2020-06-05,1104208.1560561634,181559.2737629057,27037.773359839255,-372622.02571412054,-210000.00000000017,730183.1774647876
2020-06-08,595740.1761205216,-31751.631681073977,92790.86366880796,197768.7626774849,50000.000000000044,904548.1707857405
2020-06-09,-380992.75943659636,-24734.982332152988,7072.135785008982,144850.73308602825,137500.00000000015,-116304.87289771202
2020-06-10,-362303.50942164427,45993.27790553609,-18845.70082450132,-12247.040298594691,202499.9999999999,-144902.97263920426
2020-06-11,-2414365.474014629,58242.14613483925,0.0,163719.13850464104,237499.9999999999,-1954904.1893751486
2020-06-12,664909.1438015619,-135503.73955125484,-105420.50192746344,-23383.371824480248,-114999.99999999981,285601.5304983635
2020-06-15,215449.46913831797,-63784.54996456506,-54066.94760276776,-78066.26958885121,-7500.000000000006,12031.701982133942
2020-06-16,715700.2479509499,152861.71347316026,103125.74946038878,81090.50746962665,-135000.00000000012,917778.2183541256
2020-06-17,-226814.55063868206,-127006.52672428703,-41937.01535053051,-3469.010175761178,57500.00000000005,-341727.10288926074
2020-06-18,-52942.98038906575,-40830.818391619505,-25427.09574890667,-38167.938931298886,97500.00000000009,-59868.83346089072
2020-06-19,-279998.92638448207,-56924.30845859908,-100374.41249103885,183499.5361781089,-7500.000000000006,-261298.11115601112
2020-06-22,207661.26070967506,-58870.75194006108,-63571.2561358337,92788.81952001661,-17500.000000000015,160508.0721537969
2020-06-23,176365.30469210766,182501.3419216326,124716.55328798237,131496.55604257958,-12500.000000000011,602579.7559443022
2020-06-24,-950279.2847557529,56737.58865248235,18397.05647096457,-53326.56170644878,62499.999999999774,-865971.201338755
2020-06-25,412171.8435239541,-107850.0707213581,-89421.15768462933,-31430.513081890378,25000.000000000022,208470.1020360763
2020-06-26,-992470.5580759402,-51550.97324682112,9667.28429871777,88530.73037852543,95000.00000000009,-850823.516645518
2020-06-29,811845.0323898541,7128.85403671315,-66800.80482897366,19464.033850492557,-0.0,771637.1154480862
2020-06-30,296837.76244540437,37413.14804917017,-25117.485010531793,153820.14874915418,-42500.00000000004,420453.57423319685
2020-07-01,-105639.12279451138,-19560.771761359953,63357.972544877404,-165644.17177914016,-72500.00000000006,-299986.0937901342
2020-07-02,125651.98249696597,26699.893200428094,61344.74130276901,91360.25265057413,32500.00000000003,337556.86965073727
2020-07-06,622922.745491602,-7110.479068526132,8824.70918572187,37836.322869956304,-37500.00000000004,624973.2984787539
2020-07-07,-528387.95405947,117364.63056815082,15229.240141070299,131674.5876432779,85000.00000000007,-179119.49570697092
2020-07-08,239415.09869765176,-67179.3511888974,38415.36614645813,93947.45593614972,-7500.000000000006,297098.56959136226
2020-07-09,-484962.37428684364,113525.49889135144,56605.277844217206,-134673.6436243462,120000.0000000001,-329505.24117562105
2020-07-10,502696.0537366787,-89955.02248875465,-7134.929443476379,-8337.038683859377,-70000.00000000006,327269.0631205882
2020-07-13,14093.797578548229,38979.447200566676,18246.727489090732,106773.44010677215,-17500.000000000015,160593.41237497778
2020-07-14,747059.7029801629,61892.13085765033,-60183.71872030248,-3313.0866924363513,62500.00000000006,807955.0284250744
2020-07-15,298876.72332156944,116350.81533715397,13543.65838113214,6627.637247323959,-37500.00000000004,397898.8342871794
2020-07-16,-176354.01431330634,10516.168609235876,17503.381335031154,-105167.27393176606,45000.00000000004,-208501.73830080536
2020-07-17,-82162.85121476874,-43794.3417710418,-25414.97895322098,80057.81953632996,-40000.00000000004,-111314.3524027016
2020-07-20,11705.180911026902,89536.51685393638,9554.900867905226,63042.63673063248,20000.00000000002,193839.23536350104
2020-07-21,209271.66168119738,27964.694573099358,72388.83143743547,218899.7191475306,32500.00000000003,561024.9068392628
2020-07-22,215734.4897989566,130901.47482328617,54493.76085926216,176671.73252279623,30000.000000000025,607801.4580043012
2020-07-23,-458154.6065591735,60690.13351829522,-785.4842510401916,201169.46515744805,32500.00000000003,-164580.49213447043
2020-07-24,-239581.3048990486,46676.46296136141,785.5459544381382,65110.37001746822,-17500.000000000015,-144508.92596578086
2020-07-27,151900.8956969603,98309.76198689445,51056.4763176502,266431.2443999373,-50000.000000000044,517698.37840144214
2020-07-28,-270536.4763358875,199090.3629966523,73460.45639262222,106421.54324184472,70000.00000000006,178435.88629523176
2020-07-29,212672.59758416368,-84968.98631999538,26377.036462374992,67876.7933357316,5000.000000000005,226957.4410622749
2020-07-30,-297940.01937483996,109224.33654748432,44877.74682760737,-85999.48809828617,94999.99999999981,-134837.42409803462
2020-07-31,152523.50016056292,151065.09377917464,104760.43752888576,158317.45868300385,12500.000000000011,579166.4901516272
2020-08-03,312649.46088135906,-151617.25067385667,-12196.981247141191,24454.86040350664,-67499.99999999978,105790.08936386804
2020-08-04,215360.18061534822,-32252.588694619,-17554.571821095655,268565.61546287016,119999.99999999984,554118.6355625036
2020-08-05,486675.1626164301,88412.81985888294,5352.091138466353,224115.53068159005,-70000.00000000006,734555.6042953695
2020-08-06,238630.04714442694,98180.27930596606,31331.193642059054,150657.27930678174,17500.000000000015,536298.7993992338
2020-08-07,59426.04843615529,5053.482691819156,8379.675478022986,-302705.33755788533,-65000.00000000006,-294846.1309518879
2020-08-10,456690.14649252995,-156618.39003031419,-65458.97396864175,106711.10890005609,-29999.99999999975,311323.89139363036
2020-08-11,-131643.0526809692,-76381.22719171525,19154.152620288743,-680201.5411973927,-210000.00000000017,-1079071.6684497886
2020-08-12,366510.7446081961,-1703.867779860868,-19882.235986847794,17851.598882336893,-30000.000000000025,332776.2397238243
2020-08-13,-100232.90693302045,97128.73817841138,-2298.674431078229,169000.98196289237,-114999.99999999981,48598.13877720527
2020-08-14,43033.73299800129,39002.88282177477,17627.22256284377,-151019.57377216814,17500.000000000015,-33855.735389548296
2020-08-17,-107903.32755481136,60929.16984006269,27541.886619233403,371708.828084667,64999.99999999978,417276.55698915146
2020-08-18,-84015.35505052793,38808.74040327331,762.9510948348184,108816.12090680281,35000.00000000003,99372.45735438305
2020-08-19,-107338.27080139091,121252.94712024281,111382.36191638562,-305341.60248074535,-15000.000000000013,-195044.56424550782
2020-08-20,59211.97073037842,-174087.7134248442,-107891.9571450132,-190687.70102619092,77500.00000000007,-335955.4008656699
2020-08-21,240485.39765888167,50658.56129685909,83136.29776523612,6205.3986968668705,10000.00000000001,390485.6554178438
2020-08-24,473841.51923732576,-128010.77985514553,-95310.1361573383,-53499.43140700808,-15000.000000000013,182021.17181783382
2020-08-25,-74207.4983944735,-5085.607730124231,-17565.297082633435,-123722.57093946182,-90000.00000000007,-310580.9741466931
2020-08-26,103432.26033012965,67825.34972445742,61969.24489327626,226749.66000627683,-12500.000000000011,447476.5149541402
2020-08-27,198089.29292473354,13519.222644697847,51703.16301703171,-147627.1448446448,-147499.99999999985,-31815.46625818155
2020-08-28,198509.9818301539,-38841.50975259626,-15128.593040847349,335657.7851790188,42500.00000000004,522697.66421572916
2020-08-31,-273390.64496349153,165820.64297800514,118181.81818181727,22905.426040923383,90000.00000000007,123517.24223725434
2020-09-01,265435.69216374797,35240.81221681463,6738.544474393926,4574.1004269173045,52499.99999999977,364489.1492818736
2020-09-02,555735.1445210235,-26802.914816987934,25439.58099513688,-257595.77278731737,52500.000000000044,349276.0379118551
2020-09-03,-971527.9806188914,-127484.6934496332,-35823.568923054605,-52729.528535981895,72500.00000000006,-1115065.771527561
2020-09-04,-197213.20636078232,-11817.337722632714,-66661.67328289952,-28792.280556131365,-247499.99999999997,-551984.4979224459
2020-09-08,-786779.0885608578,-30405.405405404817,-75403.40823405267,70949.63355683604,92499.99999999981,-729138.2686434796
2020-09-09,559447.348794897,-87971.5784131263,-147394.013067923,90791.51577858324,-47499.99999999977,367373.27309243113
2020-09-10,-508443.487171118,61172.47238742518,23904.996915484757,73276.08371471173,44999.99999999976,-305089.9341534965
2020-09-11,166594.15179021476,30492.969676432225,-146934.3795676603,-125882.71415413076,40000.00000000004,-35729.97225514404
2020-09-14,414562.9741441037,32138.02435723778,-780.7620237354485,118433.27484776678,-5000.000000000005,559353.5113253728
2020-09-15,2838.1760940854315,45596.55492696546,33575.388459436974,24576.314576828518,-20000.00000000002,86586.43405731636
2020-09-16,45982.225778336,-43807.91912384385,27237.354085603016,29903.3890507594,-20000.00000000002,39315.04979085455
2020-09-17,-162811.71987537536,-69233.36710570772,58207.217694994375,-154576.06366697297,7500.000000000006,-320913.93295306165
2020-09-18,-306773.9278717885,76251.800389735,12345.679012346622,93556.70103092684,-24999.999999999745,-149619.74743877977
2020-09-21,-645042.0899707909,-3376.0972315999284,-33138.10110974203,-391117.2583371736,57499.999999999774,-1015173.5466493068
2020-09-22,181112.94879492812,-131690.02194833857,-86600.17010747589,-20513.359983169164,17500.000000000015,-40190.6032440555
2020-09-23,-673432.5997556422,-101971.44799456214,-60057.71780672409,-305751.6064468535,-30000.000000000025,-1171213.372003782
2020-09-24,68409.41250144783,-83703.45063204887,-21186.440677966046,67745.57771923262,25000.000000000022,56265.098910665554
2020-09-25,467946.8246651919,24015.78179946906,31453.959267122576,-85104.10533640212,17500.000000000015,455812.4603953814
2020-09-28,528207.8872567753,-65107.51306433749,7838.8335815615665,121924.96097324423,-10000.00000000001,582864.1687472436
2020-09-29,-166726.72550741286,75633.86334335842,83026.55283151993,172202.05040581082,45000.00000000004,209135.74107327635
2020-09-30,419500.33257251215,107885.94913948124,-4660.918200887209,-53845.74776962359,-80000.00000000007,388879.6157414825
2020-10-01,44345.738381743606,-27252.59751319653,39636.27885287924,166092.71523179035,-0.0,222822.13495321665
2020-10-02,-168715.78069447167,32406.617772471334,-24771.636476235148,-64451.89687696473,-47499.99999999977,-273032.6962752
2020-10-05,588959.3578108576,-42571.30693912537,34921.620363184134,97095.04262709113,-165000.00000000015,513404.71386200737
2020-10-06,-467368.93860591657,122866.89419795494,47946.79452478467,-89411.7647058823,50000.000000000044,-335967.0145890592
2020-10-07,668802.8125400591,-91587.5169606517,-84660.97129223305,-138077.9548682337,-107500.0000000001,246976.3694189405
2020-10-08,150926.77715021095,49412.165615949634,27167.58518978457,39817.370991719334,50000.000000000044,317323.8989476646
2020-10-09,198717.63074787997,0.0,17030.500077410692,245419.88774753775,-25000.000000000022,436168.0185728284
2020-10-12,306843.34432904306,84983.42823149319,71097.37248840675,23443.605105496477,-5000.000000000005,481367.7501544395
2020-10-13,-191412.0909148892,-1692.4769400006312,26089.625537140117,-265279.58387516206,125000.00000000012,-307294.52619291167
2020-10-14,-202349.666891099,-125253.89302640688,-100260.21735802804,101667.99046862463,12500.000000000011,-313695.7868069093
2020-10-15,-24303.8507399862,3406.5746891531744,59528.4112872041,14989.743859464832,-22500.00000000002,31120.87909583589
2020-10-16,137706.9719451718,-63010.89918256286,-84537.35013833285,-18915.51071878994,-32500.00000000003,-61256.78809451389
2020-10-19,-502726.4963569261,15375.416417526822,20151.914431869587,44191.919191920446,-42500.00000000004,-465507.2463156093
2020-10-20,140730.303006662,90474.56469784887,16243.811881186954,31472.933277379987,-90000.00000000007,188921.61286307778
2020-10-21,-121126.68891888668,103662.1633103918,3861.3020310451775,111494.97487436877,-47499.99999999977,50391.751296919305
2020-10-22,189622.27967850742,40574.80980558026,137409.29442643156,-183154.94128650078,-80000.00000000007,104451.4426240184
2020-10-23,-34662.310858331046,-65800.57364602653,-41120.925982331966,7101.151964653552,17500.000000000015,-116982.658522036
2020-10-26,-803112.4837086389,55861.193398225594,-17586.78697048488,5520.504731861831,99999.99999999981,-659317.5725490366
2020-10-27,-280893.74247346644,-65833.89601620527,-29873.61164304869,48089.556945394295,57500.00000000005,-271011.693187326
2020-10-28,-1202096.3333101498,-42340.58768735949,12292.562999383083,-256181.89438390505,-7500.000000000006,-1495826.2523820312
2020-10-29,183657.96315603977,-59402.57976917662,-32228.360957642366,-84745.76271186529,-134999.99999999983,-127718.74028264433
2020-10-30,-206790.47425064488,-119159.07736828935,-44649.73056197086,94875.64322470222,-62500.00000000006,-338223.63895620295
2020-11-02,559239.8194826009,-63361.58917715551,-3866.3779771108684,103867.05017577547,27500.000000000025,623378.90250411
2020-11-03,721421.1301371797,1717.9178835258213,-2320.7240659084414,143620.3977994077,-82500.00000000007,781938.7217542047
2020-11-04,468232.749382006,204414.66975865464,153203.3426183843,-109248.10060256862,284999.99999999994,1001602.6611564762
2020-11-05,681859.804378534,-49311.34160856887,-118122.23746380134,401403.9902881883,-20000.00000000002,895830.215594352
2020-11-06,-82327.76262777908,144890.47984317606,132644.40502814835,38554.46460700018,-109999.99999999983,123761.58685054566
2020-11-09,1031300.9737531497,126925.02961584307,31965.90303676139,-746808.1833564056,-345000.0,98383.72304934857
2020-11-10,315634.11307440116,-110989.65778188808,-8345.345573174123,179689.18627239484,-35000.00000000003,340988.2959917338
2020-11-11,-27706.475528294082,-13528.367295174703,69855.73272589197,-117574.91735096493,35000.00000000003,-53954.02744854172
2020-11-12,-377959.0395552329,-65995.43108554151,-28653.29512893977,95931.63863062082,182499.99999999988,-194176.12713909347
2020-11-13,480994.4371026764,39049.23599320931,-77132.48638838487,104934.31592438318,-20000.00000000002,527845.5026318841
2020-11-16,558756.9933456104,71168.34703042141,75445.81618655677,12727.369146735557,-32500.00000000003,685598.5257093242
2020-11-17,-195260.90434731636,23638.666103837913,756.3724377890323,-22254.013670321983,85000.00000000007,-108119.87947601131
2020-11-18,-405345.6041714598,8432.41420018348,27983.6635909847,-87556.38100291841,-25000.000000000022,-481485.90738321
2020-11-19,53275.61737348607,-26972.353337826327,-2262.6140734605115,-99279.42353883112,70000.00000000006,-5238.773576631822
2020-11-20,-260868.6361704604,30384.875084403797,-5280.627640312785,92687.12052012184,62500.00000000006,-80577.26820624754
2020-11-23,392046.67387474526,0.0,42267.34093139228,-278756.8087151543,-70000.00000000006,85557.20609098318
2020-11-24,538129.9957724051,-38766.2228215091,18038.33145433975,-269343.7806072485,-62500.00000000006,185558.32379798713
2020-11-25,-202419.670481232,97948.1550282868,25508.290194313777,7480.053191490921,10000.00000000001,-61483.1720671405
2020-11-27,44405.43416730725,25207.96571716666,-5986.67963780719,0.0,-0.0,63626.72024666672
2020-11-30,-317968.31667411764,92312.85666331246,-17222.014226880856,-249210.8323641795,85000.00000000007,-407088.3066018655
2020-12-01,218795.46429930397,-55133.23866009667,3750.375037505638,324379.11809427233,-225000.00000000017,266791.7187709851
2020-12-02,70260.71690106939,227843.85994304213,64482.267376471114,95915.32991566231,-34999.99999999975,423502.1741362452
2020-12-03,100407.27765788903,67914.52708298617,-38739.47701706126,91197.89669715606,69999.99999999978,290780.2244209698
2020-12-04,290491.8063419082,51176.227816753795,62822.52636302443,-7349.738675957451,-122499.99999999983,274640.82184572914
2020-12-07,-171963.9052678723,-41165.81590646984,-28242.289111855,211612.83294296896,102499.99999999981,72740.82265677162
2020-12-08,121156.48296845083,-13200.231004040219,-44719.38585376645,72510.47373509457,37500.00000000004,173247.33984573875
2020-12-09,-121875.27755793903,-3302.2372657476317,6738.039979037325,-290250.16035920556,-69999.99999999978,-478689.63520385465
2020-12-10,-80955.98063242614,-52844.521509374244,748.166990871546,-8176.169192194993,82499.9999999998,-58728.50434312405
2020-12-11,54963.02242122164,107624.8033777638,-45634.77220019485,50719.8952879595,37500.00000000004,205172.94888675012
2020-12-14,-215290.5658820009,-18115.94202898448,9018.487900196436,-90498.96727905127,2500.0000000000023,-312386.98728984024
2020-12-15,395880.3210148154,26374.350943707548,9761.22540921942,193580.1388964842,-77500.00000000007,548096.0362642264
2020-12-16,-51886.947085878484,8231.130134168652,84764.83384592281,30772.553042162086,7500.000000000006,79381.56993637508
2020-12-17,172745.13224210698,75695.24436399355,43885.748289200776,251333.44108614785,-25000.000000000022,518659.5659814491
2020-12-18,-143587.99037862857,103278.68852459066,49618.603273347,-11922.42475625327,-44999.99999999976,-47613.12333694394
2020-12-21,43374.46009732182,-76653.34746799202,-123802.50552689654,-51704.93715861424,17500.000000000015,-191286.33005618094
2020-12-22,-232750.70367300033,34381.139489192414,35815.54991792135,-100574.71264367901,57499.999999999774,-205628.7269095658
2020-12-23,133304.41495080892,-81719.37566397114,-37918.21561338171,65091.61041466038,-92499.99999999981,-13741.565911883357
2020-12-24,81361.2290543897,6564.371871671248,79110.38137174309,68010.88174107739,72499.99999999978,307546.8640388812
2020-12-28,236540.7533211239,22967.76310392712,49611.25509070685,-47790.99405267551,-17500.000000000015,243828.77746308234
2020-12-29,-78624.6006689284,29496.108152398116,-78101.97465369817,19976.560835285316,-5000.000000000005,-112253.90633494314
2020-12-30,85251.12516058142,49087.785322754484,25248.7746918173,90173.96393041444,22500.00000000002,272261.64910556766
2020-12-31,226645.83111363655,76715.90630865755,97037.03703703548,16657.852987835842,22500.00000000002,439556.6274471654
2021-01-04,-437510.2919381796,-79674.79674796607,38881.9602376933,408853.2037398973,-0.0,-69449.92470855505
2021-01-05,194212.26056606346,1632.5197943034552,-81847.41303712384,61706.175759758116,-94999.99999999981,80703.54308300138
2021-01-06,504185.3670093055,78354.5543584685,42735.04273504258,-351820.55615301797,-217500.0000000002,55954.40794979848
2021-01-07,240372.82593887488,66666.6666666682,-3668.378576668907,42477.31920918651,-72499.99999999978,273348.43323806097
2021-01-08,64089.16170255741,-113442.99489506327,-40366.972477065,-613397.479474978,-85000.00000000007,-788118.285144549
2021-01-11,-100482.44306622267,-138538.01646157794,-39793.66249078908,126765.17092852113,-67499.99999999978,-219548.95109006832
2021-01-12,67722.95121141525,-41030.69095683587,5918.910920390541,-54336.072664358246,-15000.000000000013,-36724.90148938834
2021-01-13,-9260.126513215839,78940.87657265292,108695.65217391352,87090.99788376862,124999.99999999955,390467.4001171188
2021-01-14,-77695.21839173621,-76992.38266852593,-16092.458488771166,-26704.790677599678,-102499.99999999981,-299984.8502266328
2021-01-15,-200187.0189006555,-18089.130077287853,25642.904242069166,-183213.5329406043,80000.00000000007,-295846.77767647844
2021-01-19,132052.49777214046,-121800.67484157898,-75270.38877521153,96843.02675493695,12499.999999999734,44324.46091028664
2021-01-20,291786.23573092424,102674.50525792921,46388.336646785436,215275.8901875518,5000.000000000005,661124.9678231906
2021-01-21,-13881.772634555811,-37894.389982700006,17590.149516271136,-4823.409614664875,-47499.99999999977,-86509.42271564933
2021-01-22,-200989.4787690919,82535.49026080886,44629.79221539376,-77199.3781161201,45000.00000000004,-106023.57440900934
2021-01-25,-41755.68071469959,4931.777083680977,-29863.791973195886,-6466.562483158911,127499.99999999984,54345.74191262643
2021-01-26,-25956.072351420167,-37800.96967705093,-6575.102279369194,-33964.09509946685,-0.0,-104296.23940730715
2021-01-27,-717116.1171204527,27992.754816401623,46055.99824548668,-47009.239747122236,65000.00000000006,-625076.6038056866
2021-01-28,346717.85163070343,-95371.20776124342,-53121.81632950108,-56913.65385657676,-107499.99999999981,33811.17368338235
2021-01-29,-709918.7801600887,24783.147459728207,40968.6151144939,76717.99336198659,-90000.00000000007,-657449.0242238801
2021-02-01,267660.06439730705,6600.660066005126,-19672.13114754229,109619.44459481287,40000.00000000004,404208.0379105828
2021-02-02,550940.0100821138,-90729.13229956735,-13870.638049350293,-140262.25279449523,-70000.00000000006,236077.98693870084
2021-02-03,41195.9535289308,0.0,0.0,-91135.94445047168,-65000.00000000006,-114939.99092154094
2021-02-04,378507.07599370036,-44742.72930649059,-21931.42773594503,-354491.8677000325,-20000.00000000002,-62658.94874876774
2021-02-05,104112.39617901579,-124564.02590931504,19781.668986738056,184470.9039074277,-77499.9999999998,106300.94316386673
2021-02-08,266891.48407742614,137043.5363917455,46066.10119918031,173946.65635871663,25000.000000000022,648947.7780270686
2021-02-09,-11073.493202009566,8299.443937254126,5094.985078972769,27839.947595390546,7499.999999999729,37660.8834096076
2021-02-10,69128.0517519377,109507.217521152,52378.873854210804,43317.16885522807,60000.00000000005,334331.31198252866
2021-02-11,-7904.497134020306,1650.1650165023918,10855.40599218504,-127947.40845376295,-62499.999999999774,-185846.3345790956
2021-02-12,30845.6381817801,18150.31763055863,-16626.906672450037,-27124.773960219285,-105000.00000000009,-99755.72482033068
2021-02-16,71594.55026320538,0.0,76031.86097031145,-200922.26613965593,-247499.99999999997,-300795.8549061391
2021-02-17,100227.61339032793,-65941.31223211397,-19403.521379804944,-217838.86044958956,-5000.000000000005,-207956.08067118053
2021-02-18,-132502.3676953363,-72775.38868673438,-15841.013824884343,19479.41956976118,35000.00000000003,-166639.3506371938
2021-02-19,1089.1191597950378,73041.16865869847,72840.040386557,20299.988722227714,-145000.00000000012,22270.316927278094
2021-02-22,30416.595754411137,56235.52762156425,45822.29541061133,261009.1226489475,-62500.000000000335,330983.5414355339
2021-02-23,17388.027101340464,67623.28880092205,28508.303043262018,-19095.588642276118,20000.00000000002,114424.03030324842
2021-02-24,471119.16505350295,-24656.858716196606,34823.39563641412,-66504.10108623328,-67499.99999999978,347281.6008874874
2021-02-25,-613066.6362971382,31270.5727452256,19830.02832861347,-183700.73480293958,-322500.0,-1068166.7700262386
2021-02-26,-523450.5689285485,-18075.75384110027,-98953.91574780921,-391399.9098286758,145000.00000000012,-886880.1483461336
2021-03-01,682453.365196396,-115131.57894736725,-24985.722444318402,-48608.2981308944,35000.00000000003,528727.765673816
2021-03-02,-159808.736246852,-64516.12903225934,-30773.634867243825,92307.69230769265,77499.9999999998,-85290.80783866273
2021-03-03,-135388.4743395667,56426.85254335422,17946.87724335997,-154059.2002769603,-137499.99999999985,-352573.9448298126
2021-03-04,-387215.067177612,0.0,0.0,-209875.82347111232,-200000.00000000017,-797090.8906487245
2021-03-05,647571.7675576409,-193628.46503930163,-43711.93120745298,59421.74658546851,-10000.00000000001,459653.1178963548
2021-03-08,340195.5150287506,-70187.16577540163,-28789.405498776956,-179328.62190812748,-105000.00000000009,-43109.67815355558
2021-03-09,33346.49794167088,-124098.60808318073,-21654.3958423554,347797.58002026373,125000.00000000012,360391.0740363986
2021-03-10,510474.43606802024,77624.02969962779,47743.0555555558,103984.62076197212,65000.00000000006,804826.1420851762
2021-03-11,204351.67083526662,47066.73390486138,29517.638588911766,-103268.730112816,-17499.999999999738,160167.31321622402
2021-03-12,315732.29853605886,100620.49304041754,42351.58997918376,25340.789933590015,-270000.00000000023,214045.17148924991
2021-03-15,186667.29309086304,0.0,0.0,88107.00785112036,70000.00000000006,344774.30094198347
2021-03-16,-135428.87454003617,0.0,0.0,8672.525439407109,-35000.00000000003,-161756.3491006291
2021-03-17,201965.21349725273,-140163.52411146738,-62902.072909220005,-32936.55379637051,-50000.000000000044,-84036.9373198052
2021-03-18,-162271.3905674822,136111.57788607109,53229.751114947096,46907.57470465767,-222499.9999999999,-148522.48686180625
2021-03-19,-249573.2191599509,-108487.02328298376,-36491.12764739448,79667.47488742598,-5000.000000000005,-319883.8952029032
2021-03-22,110734.74690579843,-58734.687028025866,-66068.22262118506,-31009.5325600096,120000.0000000001,74922.304696578
2021-03-23,-329402.83277117787,84153.83320710568,21687.269572761015,-113074.00161123138,115000.0000000001,-221635.7316025424
2021-03-24,-3335.579670700195,-155870.27570602708,-95938.82997908199,71316.7507392598,59999.9999999995,-123827.93461654996
2021-03-25,215289.54604032368,-45608.10810810611,-29861.616897305375,-69248.08125108262,-0.0,70571.73978382954
2021-03-26,486488.4418758364,-60949.80106662318,43830.81306158276,63481.94098208526,-114999.99999999955,417851.39485288167
2021-03-29,104228.90295614052,0.0,0.0,-174056.1136127472,-152500.0000000004,-222327.2106566071
2021-03-30,-110165.78453045989,-10189.352127025764,18910.466215724675,-247065.00788505113,-12499.999999999734,-361009.6783268118
2021-03-31,-90402.9278772478,-79857.27635714701,-20326.67876587957,266345.9825405312,-50000.000000000044,25759.099540256764
2021-04-01,182165.48342936623,8529.512111907778,28369.826143885835,111156.49434006447,167499.99999999988,497721.31602522417
2021-04-05,394812.4480253956,66501.833063346,32641.810532423322,4344.048653346366,-102499.99999999981,395800.1402745115
2021-04-06,-101208.89940374078,86675.73079537583,60010.122189284586,125940.93804284779,160000.00000000015,331417.89162376756
2021-04-07,16772.239744619055,93070.47973601712,-59652.148914761674,-12058.57019810519,7499.999999999729,45632.00036776905
2021-04-08,59972.32575480349,0.0,-62902.17627069605,143957.24383656104,52500.00000000033,193527.3933206688
2021-04-09,310296.78329801414,70742.79939363492,-7275.902211875129,-115266.39344262236,-85000.00000000007,173497.28703715152
2021-04-12,-57158.748661262915,-25176.23363544885,-16018.639871850926,-104112.88934778828,-22500.0000000003,-224966.51151635125
2021-04-13,-70662.96443367648,23527.43466935703,30630.10501750174,129967.65249537745,130000.00000000012,243462.22774855985
2021-04-14,55726.013420924755,65463.70121695233,4362.367311327997,-97067.9189096324,-37499.99999999975,-9015.83696042707
2021-04-15,316579.2542088275,53538.564497239706,13808.139534883247,263703.95988241426,269999.99999999965,917629.9181233643
2021-04-16,169344.27351753545,-23360.58735191271,4354.452427608458,115554.54854423886,-107499.99999999981,158392.68713747023
2021-04-19,-125915.66188615732,-5011.69395255463,23939.064200215744,-80944.35075885254,-70000.00000000006,-257932.64239734883
2021-04-20,-263268.01482379646,126994.73640236825,127370.09697496137,66971.85486605583,97499.99999999981,155568.67341958877
2021-04-21,327023.2072687895,-21585.720215855363,-39302.55823924589,126596.52281550637,-5000.000000000005,387731.45162919466
2021-04-22,-329532.40896836435,9973.404255316787,-5021.8810531599265,-92897.39440941747,25000.000000000022,-392478.280175625
2021-04-23,235559.30789953106,-38212.32762917459,-66035.02727533849,-35369.41387828507,-32499.999999999753,63442.53911673317
2021-04-26,-63659.748163301665,124843.94506866447,18786.127167631505,-3376.477208779094,-7500.000000000284,69093.84686421492
2021-04-27,3460.6994320784956,-13234.07775020824,21635.65556036362,11820.330969268822,-130000.00000000012,-106317.39178849742
2021-04-28,-169464.81867110118,13242.840589309246,5757.052389177009,-40494.93813273353,5000.000000000005,-185959.86382534844
2021-04-29,248350.25508288754,76095.94706369017,38118.52704257656,-43142.341529440186,-49999.99999999949,269422.3876597146
2021-04-30,-190627.7561364622,-14831.905075809449,-2865.9454037394116,-6786.946439680252,22499.99999999974,-192612.5530556916
